{
  "label_idx": 0,
  "object_pose_goal": [
    0.6810577201843261,
    -0.6642579158906632,
    0.5893598484992981,
    -0.6420265436172485,
    0.6782291531562805,
    0.33309468626976013,
    -0.12982705235481262
  ],
  "candidate_points_obj": [
    [
      -0.019,
      -0.00781661009321144,
      0.02058539547287208
    ],
    [
      -0.019,
      -0.002805741122905936,
      0.01595299645569692
    ],
    [
      -0.019,
      -0.0019422247327620101,
      0.020094474964770792
    ],
    [
      -0.019,
      -0.012776962575301642,
      0.06441376944806254
    ],
    [
      -0.019,
      0.00037630992792381246,
      0.019509544204584617
    ],
    [
      -0.019,
      0.0015332680153675726,
      0.017466952620341814
    ],
    [
      -0.019,
      -0.0069732331562002425,
      0.024911623130783767
    ],
    [
      -0.019,
      -0.0017573512759481713,
      0.02347914296810638
    ],
    [
      -0.019,
      -0.006671019402930689,
      0.06298400110913394
    ],
    [
      -0.019,
      -0.010711952761172316,
      0.0745341411334981
    ],
    [
      -0.019,
      0.002115421246928262,
      0.014867167233504786
    ],
    [
      -0.019,
      -0.013936145031116898,
      0.0669817093998003
    ],
    [
      -0.019,
      -0.003974346705536147,
      0.07272552954813205
    ],
    [
      -0.019,
      0.0016233034689589476,
      0.021086492966339798
    ],
    [
      -0.019,
      -0.013441452612909077,
      0.07098602831291223
    ],
    [
      -0.019,
      -0.017791593936869077,
      0.007369981456613717
    ],
    [
      -0.019,
      -0.00765124778000853,
      0.06385720403849326
    ],
    [
      -0.019,
      -0.0023498194042661513,
      0.06957309370045239
    ],
    [
      -0.019,
      0.0023712275411461037,
      0.052747152562217625
    ],
    [
      -0.019,
      0.003474098841985851,
      0.018776306946552856
    ],
    [
      -0.019,
      -0.002660892118164171,
      0.06739726838749194
    ],
    [
      -0.019,
      -0.006423346154731058,
      0.07183492946548997
    ],
    [
      -0.019,
      -0.003901809047398841,
      0.0525143377077496
    ],
    [
      -0.019,
      -0.008683827397086286,
      0.06613873121401204
    ],
    [
      -0.019,
      -0.004281430478350057,
      0.06502670694616486
    ],
    [
      -0.019,
      -0.004070797639704582,
      0.06953678007869679
    ],
    [
      -0.019,
      -0.005561830186863681,
      0.06631152436950094
    ],
    [
      -0.019,
      -0.004787823611826503,
      0.06811625067939442
    ],
    [
      -0.019,
      -0.008383707630291393,
      0.06935403465745693
    ],
    [
      -0.019,
      -0.01580106974508827,
      0.00394194147653093
    ],
    [
      -0.019,
      0.0016313864725307492,
      0.023250108061817487
    ],
    [
      -0.019,
      0.00021441996015580944,
      0.05172792492572942
    ],
    [
      -0.019,
      0.004932983468959873,
      0.05001147094507252
    ],
    [
      -0.019,
      -0.01785479344466462,
      0.005517523358217646
    ],
    [
      -0.019,
      -0.005854076921376794,
      0.041616272281986944
    ],
    [
      -0.019,
      -0.02058478955691395,
      0.007458537460444115
    ],
    [
      -0.019,
      0.002793172353736273,
      0.0500879382963193
    ],
    [
      -0.019,
      -0.024797833413760073,
      0.008996256178241957
    ],
    [
      -0.019,
      -0.005576807223983071,
      0.049207793539311595
    ],
    [
      0.019,
      -0.03412416493770004,
      0.017300011225409917
    ],
    [
      -0.019,
      -0.006378986523233543,
      0.04466390839600687
    ],
    [
      0.019,
      -0.03548815816055895,
      0.014451429112155134
    ],
    [
      -0.019,
      -0.01815325355734082,
      0.0024778560074456557
    ],
    [
      0.019,
      -0.031115175607476453,
      0.014885500423258646
    ],
    [
      0.019,
      -0.030436687368157467,
      0.0206749610786513
    ],
    [
      -0.019,
      -0.018749163687300396,
      0.0045513072984404435
    ],
    [
      -0.019,
      -0.0009002636114376905,
      0.0413342073281614
    ],
    [
      -0.019,
      0.005078329964848083,
      0.046400921959161456
    ],
    [
      0.019,
      -0.030801550247122778,
      0.011938000312079255
    ],
    [
      -0.019,
      -0.021360297699169584,
      0.004523030862942257
    ],
    [
      -0.019,
      -0.001189784511743952,
      0.048465691889377216
    ],
    [
      0.019,
      -0.028361405243949867,
      0.016004940906690135
    ],
    [
      -0.019,
      -0.0017089980892966983,
      0.04443855748541714
    ],
    [
      -0.019,
      0.002774255646211976,
      0.0473216228510599
    ],
    [
      -0.019,
      0.0027359429632036747,
      0.04269093942324298
    ],
    [
      -0.019,
      0.0014432735388840712,
      0.04459983960062963
    ],
    [
      -0.019,
      -0.021813098116260865,
      0.0013976847456278474
    ],
    [
      -0.019,
      -0.025427839541392716,
      0.005014097831297359
    ],
    [
      0.019,
      -0.02665272107586031,
      0.012651620955433929
    ],
    [
      0.019,
      -0.026481077908214412,
      0.018166463055340754
    ],
    [
      0.019,
      -0.031193728110055108,
      0.008641324449212728
    ],
    [
      0.019,
      -0.027268190409015014,
      0.02254640657498319
    ],
    [
      0.019,
      -0.0244081716674886,
      0.016496409567808512
    ],
    [
      0.019,
      -0.025161189292525754,
      0.008889700573975201
    ],
    [
      0.019,
      -0.02453159253446968,
      0.022016752278089746
    ],
    [
      0.019,
      -0.02195166635575868,
      0.013652154269777617
    ]
  ],