{
  "label_idx": 12,
  "object_pose_goal": [
    0.6678066747255441,
    -0.6302167035587173,
    0.5815075325965882,
    0.7214800119400024,
    -0.6914204955101013,
    -0.03437645733356476,
    0.014918716624379158
  ],
  "candidate_points_obj": [
    [
      0.019,
      -0.036066145158894836,
      -0.0015797718778008951
    ],
    [
      -0.019,
      -0.016053707912240145,
      -0.021336929153843
    ],
    [
      -0.019,
      -0.019558433729222502,
      -0.019606657265110017
    ],
    [
      0.019,
      -0.03325111836689121,
      0.005634603543813954
    ],
    [
      -0.019,
      -0.016919168686334585,
      -0.01935886061665404
    ],
    [
      0.019,
      -0.034485993858686004,
      0.0028475430215731956
    ],
    [
      0.019,
      -0.03485581139608529,
      0.00962351300327069
    ],
    [
      -0.019,
      -0.02376237853154961,
      -0.01944481888756111
    ],
    [
      0.019,
      -0.036819654303412386,
      0.0009332262800084701
    ],
    [
      0.019,
      -0.03241054913157526,
      0.0004198863469828673
    ],
    [
      -0.019,
      -0.01966238522088748,
      -0.022564613871188133
    ],
    [
      0.019,
      -0.04095191128577025,
      -0.0005513730091448732
    ],
    [
      0.019,
      -0.031167232502404607,
      0.004921111173037063
    ],
    [
      -0.019,
      -0.02344994561029179,
      -0.016040120528739044
    ],
    [
      -0.019,
      -0.0009409081865586755,
      0.01266479916354879
    ],
    [
      -0.019,
      -0.019009767118288168,
      -0.017076984048833732
    ],
    [
      0.019,
      -0.036145774435445865,
      -0.004231817528996373
    ],
    [
      0.019,
      -0.032629341833496306,
      0.010604256169866488
    ],
    [
      -0.019,
      -0.016007398606527556,
      -0.018746257934054933
    ],
    [
      -0.019,
      -0.002237832637897119,
      0.014515254015688095
    ],
    [
      0.019,
      -0.0371820152782627,
      0.006448991589034225
    ],
    [
      -0.019,
      -0.013713190598342084,
      -0.020178931402522582
    ],
    [
      0.019,
      -0.040055361030587044,
      0.0022788451093804785
    ],
    [
      -0.019,
      -0.0044261002200941535,
      0.011019425317538745
    ],
    [
      -0.019,
      -0.0008793927756710618,
      0.01713816544654434
    ],
    [
      -0.019,
      -0.005310169912398188,
      0.014160214131197058
    ],
    [
      -0.019,
      0.001493405263394254,
      0.016168634104148816
    ],
    [
      -0.019,
      -0.012683920689376182,
      0.038306324323274965
    ],
    [
      -0.019,
      -0.004780915054972801,
      0.01808975192939688
    ],
    [
      -0.019,
      -0.01399124584722744,
      0.039456846756260155
    ],
    [
      -0.019,
      -0.011035687418520679,
      0.040605256796007905
    ],
    [
      -0.019,
      -0.013310633418104234,
      0.041283950359110255
    ],
    [
      0.019,
      -0.030758974859547372,
      -0.001973226702363995
    ],
    [
      -0.019,
      -0.012549261419570357,
      0.042626382351885095
    ],
    [
      -0.019,
      -0.009740207822200087,
      0.013882164570390154
    ],
    [
      -0.019,
      -0.015586790295980202,
      0.036589095938239
    ],
    [
      -0.019,
      -0.010605261459638582,
      0.04257125006535589
    ],
    [
      -0.019,
      -0.01689789342512238,
      0.038904020953134055
    ],
    [
      -0.019,
      -0.0005824393568035768,
      0.019375184665113232
    ],
    [
      -0.019,
      -0.009074538544779798,
      0.010645726627216967
    ],
    [
      -0.019,
      -0.01680066662612989,
      0.04212908985100772
    ],
    [
      -0.019,
      -0.0023709190397640523,
      -0.012581990416690836
    ],
    [
      -0.019,
      -0.008927431015472775,
      0.01830491964754466
    ],
    [
      -0.019,
      -0.014033277875391437,
      0.03531573287208856
    ],
    [
      -0.019,
      0.001723286728375406,
      0.019053389107320795
    ],
    [
      -0.019,
      -0.014690285302521366,
      0.04445081911169768
    ],
    [
      -0.019,
      -0.0017528124767821618,
      -0.008582832882937153
    ],
    [
      -0.019,
      -0.007713176868260341,
      -0.00850086573878317
    ],
    [
      -0.019,
      -0.002943432501623766,
      0.020544980279409764
    ],
    [
      -0.019,
      -0.011851076665357119,
      0.04509866140511587
    ],
    [
      -0.019,
      0.0029733631190212995,
      -0.013892464514063452
    ],
    [
      -0.019,
      0.002127427631552381,
      -0.011261084341156025
    ],
    [
      -0.019,
      0.0007634449916303909,
      -0.009251377762666269
    ],
    [
      -0.019,
      -0.021263318612321447,
      0.038569722253038896
    ],
    [
      -0.019,
      -0.006898907225198925,
      0.020952260554111812
    ],
    [
      -0.019,
      -0.01955079195843512,
      0.0357443662018988
    ],
    [
      -0.019,
      -0.02100605933367128,
      0.04257406244087092
    ],
    [
      -0.019,
      0.002151284634939854,
      -0.008099185952095689
    ],
    [
      -0.019,
      -0.001479945000726235,
      -0.0059012510622886705
    ],
    [
      -0.019,
      0.00432784982317036,
      -0.010494703128387184
    ],
    [
      -0.019,
      -0.018089277044328278,
      0.04590120315345214
    ],
    [
      -0.019,
      -0.0067678145902991815,
      -0.004996276796857435
    ]
  ],