{
  "label_idx": 4,
  "object_pose_goal": [
    0.823071520131096,
    -0.551037149099838,
    0.6306845831871033,
    0.5474849939346313,
    0.004635618068277836,
    -0.007179251406341791,
    0.8367718458175659
  ],
  "candidate_points_obj": [
    [
      -0.019,
      0.03722307057805674,
      -0.003192181857572862
    ],
    [
      -0.019,
      0.03789237441261939,
      0.0014337017274181907
    ],
    [
      0.019,
      0.029627748136651588,
      0.0482525581738269
    ],
    [
      -0.019,
      0.042035831289650216,
      0.0037210043467471587
    ],
    [
      -0.019,
      0.04069280165421624,
      -0.00550108301267993
    ],
    [
      0.019,
      0.023598058185007154,
      0.04607619606887803
    ],
    [
      -0.019,
      0.028113044415888577,
      0.01564232699309931
    ],
    [
      0.019,
      0.02633890092821578,
      0.04601309581323454
    ],
    [
      -0.019,
      0.04055718226133154,
      -0.002631493527253337
    ],
    [
      -0.019,
      0.025336637686209973,
      0.01864305344755257
    ],
    [
      -0.019,
      0.036730853084080195,
      -0.005435083912527783
    ],
    [
      0.019,
      0.02014275136990984,
      0.047388235981204785
    ],
    [
      -0.019,
      0.034782269960149215,
      -0.0010247787260316832
    ],
    [
      -0.019,
      0.024340065332350558,
      0.013913365450988202
    ],
    [
      -0.019,
      0.023671470680253548,
      0.016573627075819775
    ],
    [
      -0.019,
      0.029224899529633253,
      0.04120272723730656
    ],
    [
      0.016813923318750423,
      0.0445,
      -0.001433808712283824
    ],
    [
      0.018209212637434913,
      0.0445,
      0.0004414720965427721
    ],
    [
      0.019,
      0.027470793320063414,
      0.049836114819981736
    ],
    [
      -0.019,
      0.025064955744452444,
      0.037462899602108135
    ],
    [
      -0.019,
      0.03253101219028198,
      0.018390597718880297
    ],
    [
      -0.019,
      0.026490934940914257,
      0.01106494710720618
    ],
    [
      -0.019,
      0.029384314077924745,
      0.022637800388482177
    ],
    [
      -0.019,
      0.0333758160133415,
      -0.0026918940382081313
    ],
    [
      -0.019,
      0.02156539280399683,
      0.01626916152148783
    ],
    [
      0.019,
      0.02231806671901282,
      0.043018807403714
    ],
    [
      -0.019,
      0.021739450643725733,
      0.012792618738350803
    ],
    [
      -0.019,
      0.03021503311330953,
      0.011980708476724722
    ],
    [
      0.019,
      0.026031876210258598,
      0.04389876473558352
    ],
    [
      -0.019,
      0.03437445580237952,
      0.001304099366788325
    ],
    [
      -0.019,
      0.03658061783576738,
      0.003587343516789243
    ],
    [
      0.019,
      0.01745699178112803,
      0.043167466695841705
    ],
    [
      -0.019,
      0.025349000914238418,
      0.03936530346043643
    ],
    [
      -0.019,
      0.040598634240508746,
      0.006341862602819437
    ],
    [
      -0.019,
      0.02291536204799749,
      0.021067287646337474
    ],
    [
      -0.019,
      0.024509915877262034,
      0.009373532343282753
    ],
    [
      -0.019,
      0.03441954674542158,
      0.014482371376275172
    ],
    [
      -0.019,
      0.023603420295140176,
      0.04856523058998241
    ],
    [
      -0.019,
      0.021666346270266534,
      0.03701202916249691
    ],
    [
      0.019,
      0.030817860138799502,
      0.045125365877824564
    ],
    [
      -0.019,
      0.01886430600740474,
      0.046997696792312915
    ],
    [
      -0.019,
      0.027167907127020885,
      0.04514593509371334
    ],
    [
      -0.019,
      0.01948221501488201,
      0.016483176320975956
    ],
    [
      -0.019,
      0.0228765088815458,
      0.03843329171780063
    ],
    [
      -0.019,
      0.03288441066208303,
      0.001073554125473386
    ],
    [
      -0.019,
      0.029001591850409403,
      0.009650640095574703
    ],
    [
      -0.019,
      0.021401728182967816,
      0.04527901693626579
    ],
    [
      -0.019,
      0.018703510022579195,
      0.03915854921950901
    ],
    [
      -0.019,
      0.023842043623326425,
      0.04242935258643277
    ],
    [
      -0.019,
      0.018193274604565435,
      0.043170671650170855
    ],
    [
      -0.019,
      0.020937657349628602,
      0.04066668467697432
    ],
    [
      0.019,
      0.026598294538213718,
      0.04275042678930052
    ],
    [
      -0.019,
      0.02021841607380037,
      0.04315817612417461
    ],
    [
      0.015409302505655753,
      0.0445,
      0.0018722906191408484
    ],
    [
      0.017984921956889388,
      0.0445,
      0.003465231897908261
    ]
  ],
  "candidate_normals_obj": [
    [
      -1.0,
      0.0,
      0.0
    ],
    [
      -1.0,
      0.0,
      0.0
    ],
    [
      1.0,
      0.0,
      0.0
    ],
    [
      -1.0,
      0.0,
      0.0
    ],
    [
      -1.0,
      0.0,
      0.0
    ],
    [
      1.0,
      0.0,
      0.0
    ],
    [
      -1.0,
      0.0,
      0.0
    ],
    [
      1.0,
      0.0,
      0.0
    ],
    [
      -1.0,
      0.0,
      0.0
    ],
    [
      -1.0,
      0.0,
      0.0
    ],
    [
      -1.0,
      0.0,
      0.0
    ],
    [
      1.0,
      0.0,
      0.0
    ],
    [
      -1.0,
      0.0,
      0.0
    ],
    [
      -1.0,
      0.0,
      0.0
    ],
    [
      -1.0,
      0.0,
      0.0
    ],
    [
      -1.0,
      0.0,
      0.0
    ],
    [
      0.0,
      1.0,
      0.0
    ],
    [
      0.0,
      1.0,
      0.0
    ],
    [
      1.0,
      0.0,
      0.0
    ],
    [
      -1.0,
      0.0,
      0.0
    ],
    [
      -1.0,
      0.0,
      0.0
    ],
    [
      -1.0,
      0.0,
      0.0
    ],
    [
      -1.0,
      0.0,
      0.0
    ],
    [
      -1.0,
      0.0,
      0.0
    ],
    [
      -1.0,
      0.0,
      0.0
    ],
    [
      1.0,
      0.0,
      0.0
    ],
    [
      -1.0,
      0.0,
      0.0
    ],
    [
      -1.0,
      0.0,
      0.0
    ],
    [
      1.0,
      0.0,
      0.0
    ],
    [
      -1.0,
      0.0,
      0.0
    ],
    [
      -1.0,
      0.0,
      0.0
    ],
    [
      1.0,
      0.0,
      0.0
    ],
    [
      -1.0,
      0.0,
      0.0
    ],
    [
      -1.0,
      0.0,
      0.0
    ],
    [
      -1.0,
      0.0,
      0.0
    ],
    [
      -1.0,
      0.0,
      0.0
    ],
    [
      -1.0,
      0.0,
      0.0
    ],
    [
      -1.0,
      0.0,
      0.0
    ],
    [
      -1.0,
      0.0,
      0.0
    ],
    [
      1.0,
      0.0,
      0.0
    ],
    [
      -1.0,
      0.0,
      0.0
    ],
    [
      -1.0,
      0.0,
      0.0
    ],
    [
      -1.0,
      0.0,
      0.0
    ],
    [
      -1.0,
      0.0,
      0.0
    ],
    [
      -1.0,
      0.0,
      0.0
    ],
    [
      -1.0,
      0.0,
      0.0
    ],
    [
      -1.0,
      0.0,
      0.0
    ],
    [
      -1.0,
      0.0,
      0.0
    ],
    [
      -1.0,
      0.0,
      0.0
    ],
    [
      -1.0,
      0.0,
      0.0
    ],
    [
      -1.0,
      0.0,
      0.0
    ],
    [
      1.0,
      0.0,
      0.0
    ],
    [
      -1.0,
      0.0,
      0.0
    ],
    [
      0.0,
      1.0,
      0.0
    ],
    [
      0.0,
      1.0,
      0.0
    ]
  ],