{
  "label_idx": 3,
  "object_pose_goal": [
    0.7557702997021964,
    -0.6047110642264791,
    0.5608563709259033,
    0.7493488788604736,
    0.007328768260776997,
    -0.6612776517868042,
    0.033681001514196396
  ],
  "candidate_points_obj": [
    [
      0.0020009931840823114,
      -0.0445,
      0.04992395788804682
    ],
    [
      0.011102626962828599,
      -0.0445,
      0.017085380098368907
    ],
    [
      0.015249154404698317,
      -0.0445,
      0.019210838024264376
    ],
    [
      -0.00102903110050645,
      -0.0445,
      0.030692985013493157
    ],
    [
      0.008611088527662014,
      -0.0445,
      0.01562576602418242
    ],
    [
      0.004699365819098689,
      -0.0445,
      0.031327366894982944
    ],
    [
      -0.001375237047133826,
      -0.035787184771345015,
      0.0875
    ],
    [
      0.006791654957001403,
      -0.0445,
      0.011809992927216406
    ],
    [
      -0.002330085468722709,
      -0.0445,
      0.06278234859503296
    ],
    [
      -0.003040055763049221,
      -0.0445,
      0.04827452775438057
    ],
    [
      0.008720134136894875,
      -0.0445,
      0.012812741428152141
    ],
    [
      -0.009904342625184803,
      -0.04033298565043386,
      0.0875
    ],
    [
      -0.0017097849270371057,
      -0.0445,
      0.03469199964018477
    ],
    [
      0.009129355153349006,
      -0.0445,
      0.009161846504126547
    ],
    [
      0.0031996599063676134,
      -0.0445,
      0.036402049016351246
    ],
    [
      -0.0034452691448380035,
      -0.0445,
      0.030461899443466556
    ],
    [
      1.4742859835381594e-05,
      -0.0445,
      0.026828716463505042
    ],
    [
      -0.006965757602094724,
      -0.0445,
      0.04867536113251281
    ],
    [
      -0.009879530457418073,
      -0.0445,
      0.05666309167886541
    ],
    [
      -0.0075552500233576625,
      -0.0445,
      0.06020474391036179
    ],
    [
      0.012778440473339425,
      -0.0445,
      0.0075619531834495435
    ],
    [
      -0.005048458678840406,
      -0.0445,
      0.03250304383150371
    ],
    [
      -0.006411675963685526,
      -0.038078084423379455,
      0.0875
    ],
    [
      -0.009152736518037274,
      -0.040742389509179744,
      0.0875
    ],
    [
      0.00962651424724048,
      -0.0445,
      0.010851186028822069
    ],
    [
      -0.0046267244795812346,
      -0.0445,
      0.028697812787800925
    ],
    [
      -0.009757134704352577,
      -0.0445,
      0.05212324643780597
    ],
    [
      0.011309809294808182,
      -0.0445,
      0.014220660871969604
    ],
    [
      0.0017830401228257076,
      -0.0445,
      0.05195664522798671
    ],
    [
      -0.008083719580674886,
      -0.0445,
      0.08375904043042748
    ],
    [
      0.012170575838618247,
      -0.0445,
      0.010622088455401912
    ],
    [
      -0.005997425017858493,
      -0.0445,
      0.05040334483085518
    ],
    [
      -0.0028541390766190222,
      -0.0445,
      0.05070082417680222
    ],
    [
      -0.005470399335025133,
      -0.0445,
      0.05870307357750093
    ],
    [
      7.697603503509232e-05,
      -0.038446078830335684,
      0.0875
    ],
    [
      -0.007939827076908434,
      -0.0445,
      0.05625851038387608
    ],
    [
      -0.0014606079766211755,
      -0.0445,
      0.06020452829376566
    ],
    [
      0.019,
      -0.04066596032291847,
      0.015422739684398445
    ],
    [
      -0.007711606825086759,
      -0.0445,
      0.052819823553882816
    ],
    [
      -0.007006807889310185,
      -0.0445,
      0.030713267157503
    ],
    [
      -0.0052416748982183625,
      -0.0445,
      0.02653047949467502
    ],
    [
      -0.005638782815286514,
      -0.0445,
      0.03562054504478307
    ],
    [
      -0.005274357335261715,
      -0.0445,
      0.08314989054639277
    ],
    [
      0.001993967532403773,
      -0.0445,
      0.03965816933561905
    ],
    [
      -0.002524163634556431,
      -0.0445,
      0.03790372169735323
    ],
    [
      0.0003677514424728079,
      -0.0445,
      0.056039566986858635
    ],
    [
      -0.003963018096784454,
      -0.0445,
      0.054257105953817164
    ],
    [
      0.0031892434374058976,
      0.0445,
      0.026126737119990362
    ],
    [
      -0.0022299460048100794,
      0.0445,
      0.023066903510625347
    ],
    [
      0.0003067760394757091,
      0.0445,
      0.023658534856141555
    ],
    [
      -0.005546819973022865,
      0.0445,
      0.016851129563050682
    ],
    [
      0.0049097562784219395,
      0.0445,
      0.024172495822693985
    ],
    [
      -0.002290515073451904,
      0.0445,
      0.019900120091680074
    ],
    [
      0.0008224127719802521,
      0.0445,
      0.021730841060786044
    ],
    [
      0.0025585112400324794,
      0.0445,
      0.019801109161226238
    ],
    [
      -0.0007200438113779128,
      0.0445,
      0.014525856402164083
    ],
    [
      0.0007431587057059597,
      0.0445,
      0.017751078866004688
    ]
  ],
  "candidate_normals_obj": [
    [
      0.0,
      -1.0,
      0.0
    ],
    [
      0.0,
      -1.0,
      0.0
    ],
    [
      0.0,
      -1.0,
      0.0
    ],
    [
      0.0,
      -1.0,
      0.0
    ],
    [
      0.0,
      -1.0,
      0.0
    ],
    [
      0.0,
      -1.0,
      0.0
    ],
    [
      0.0,
      0.0,
      1.0
    ],
    [
      0.0,
      -1.0,
      0.0
    ],
    [
      0.0,
      -1.0,
      0.0
    ],
    [
      0.0,
      -1.0,
      0.0
    ],
    [
      0.0,
      -1.0,
      0.0
    ],
    [
      0.0,
      0.0,
      1.0
    ],
    [
      0.0,
      -1.0,
      0.0
    ],
    [
      0.0,
      -1.0,
      0.0
    ],
    [
      0.0,
      -1.0,
      0.0
    ],
    [
      0.0,
      -1.0,
      0.0
    ],
    [
      0.0,
      -1.0,
      0.0
    ],
    [
      0.0,
      -1.0,
      0.0
    ],
    [
      0.0,
      -1.0,
      0.0
    ],
    [
      0.0,
      -1.0,
      0.0
    ],
    [
      0.0,
      -1.0,
      0.0
    ],
    [
      0.0,
      -1.0,
      0.0
    ],
    [
      0.0,
      0.0,
      1.0
    ],
    [
      0.0,
      0.0,
      1.0
    ],
    [
      0.0,
      -1.0,
      0.0
    ],
    [
      0.0,
      -1.0,
      0.0
    ],
    [
      0.0,
      -1.0,
      0.0
    ],
    [
      0.0,
      -1.0,
      0.0
    ],
    [
      0.0,
      -1.0,
      0.0
    ],
    [
      0.0,
      -1.0,
      0.0
    ],
    [
      0.0,
      -1.0,
      0.0
    ],
    [
      0.0,
      -1.0,
      0.0
    ],
    [
      0.0,
      -1.0,
      0.0
    ],
    [
      0.0,
      -1.0,
      0.0
    ],
    [
      0.0,
      0.0,
      1.0
    ],
    [
      0.0,
      -1.0,
      0.0
    ],
    [
      0.0,
      -1.0,
      0.0
    ],
    [
      1.0,
      0.0,
      0.0
    ],
    [
      0.0,
      -1.0,
      0.0
    ],
    [
      0.0,
      -1.0,
      0.0
    ],
    [
      0.0,
      -1.0,
      0.0
    ],
    [
      0.0,
      -1.0,
      0.0
    ],
    [
      0.0,
      -1.0,
      0.0
    ],
    [
      0.0,
      -1.0,
      0.0
    ],
    [
      0.0,
      -1.0,
      0.0
    ],
    [
      0.0,
      -1.0,
      0.0
    ],
    [
      0.0,
      -1.0,
      0.0
    ],
    [
      0.0,
      1.0,
      0.0
    ],
    [
      0.0,
      1.0,
      0.0
    ],
    [
      0.0,
      1.0,
      0.0
    ],
    [
      0.0,
      1.0,
      0.0
    ],
    [
      0.0,
      1.0,
      0.0
    ],
    [
      0.0,
      1.0,
      0.0
    ],
    [
      0.0,
      1.0,
      0.0
    ],
    [
      0.0,
      1.0,
      0.0
    ],
    [
      0.0,
      1.0,
      0.0
    ],
    [
      0.0,
      1.0,
      0.0
    ]
  ],