{
  "label_idx": 1,
  "object_pose_goal": [
    0.7256209518819264,
    -0.5630732607041582,
    0.5600286412239075,
    -0.22705620527267456,
    0.651080846786499,
    0.2036777287721634,
    0.6950212717056274
  ],
  "candidate_points_obj": [
    [
      0.004159614967817471,
      0.0445,
      -0.013733864328529632
    ],
    [
      0.009583034791063372,
      0.0445,
      -0.008825960775242392
    ],
    [
      0.0037805668587456154,
      0.0445,
      -0.009720427676048915
    ],
    [
      0.009487373858221404,
      0.0445,
      -0.014020507777336766
    ],
    [
      0.009602229703748688,
      0.0445,
      -0.01814595680534764
    ],
    [
      0.019,
      -0.019564269452794658,
      0.02030976384608313
    ],
    [
      0.0015373513522660698,
      0.0445,
      -0.010402224685415629
    ],
    [
      0.0006389287528861809,
      0.0445,
      -0.012948412303473489
    ],
    [
      0.004721115191585912,
      0.0445,
      -0.01780042903832918
    ],
    [
      0.019,
      -0.025562584969218816,
      0.018605446733777398
    ],
    [
      0.004163776404847552,
      0.0445,
      -0.006272326986669741
    ],
    [
      0.009446865877827948,
      0.0445,
      0.01985593735637825
    ],
    [
      0.0011256150038376767,
      0.0445,
      -0.016457251417595187
    ],
    [
      0.006117514673564695,
      0.0445,
      0.022208239533842822
    ],
    [
      0.00023132916045087715,
      0.0445,
      -0.00939549008627022
    ],
    [
      0.007330538291559163,
      0.0445,
      -0.036827916134292094
    ],
    [
      0.019,
      0.035572099698367055,
      0.023052160415589718
    ],
    [
      0.005351136410026491,
      0.0445,
      0.0258329035961139
    ],
    [
      0.019,
      0.038772955182079016,
      0.019019682905034863
    ],
    [
      -0.0013093826894251537,
      0.0445,
      -0.012306291072604947
    ],
    [
      0.007441131063147144,
      0.0445,
      0.022183174973867847
    ],
    [
      0.010043345523823577,
      0.0445,
      0.020878053941516816
    ],
    [
      0.019,
      -0.01896599290931078,
      0.01719458160440651
    ],
    [
      -0.0005569000620151421,
      0.0445,
      -0.007947211695044198
    ],
    [
      0.0076963050069276395,
      0.0445,
      0.02872459126086241
    ],
    [
      0.0056220044899016886,
      0.0445,
      -0.04051813419042721
    ],
    [
      0.007469558996643477,
      0.0445,
      0.025064492879544986
    ],
    [
      0.019,
      -0.01457813442744027,
      0.021455626437857978
    ],
    [
      0.008479701339581092,
      0.0445,
      -0.037479843611971986
    ],
    [
      0.019,
      -0.02956173619325131,
      0.021612758408322497
    ],
    [
      0.019,
      -0.02331439659660761,
      0.015613131778645262
    ],
    [
      0.011350300319546647,
      0.0445,
      0.030545144851374495
    ],
    [
      0.011518238657028723,
      0.0445,
      -0.036555170025830475
    ],
    [
      0.0070450249106316365,
      0.0445,
      -0.04462256212203208
    ],
    [
      0.008372893135979331,
      0.0445,
      0.027191128728417335
    ],
    [
      0.019,
      0.03461709171057481,
      -0.04416838672813567
    ],
    [
      0.019,
      0.025627384778809326,
      -0.08669529541349441
    ],
    [
      0.019,
      -0.029601031899236463,
      0.01793606185330543
    ],
    [
      0.019,
      0.02412279748670565,
      -0.08479799092837154
    ],
    [
      0.019,
      0.02310322094580941,
      -0.08602106108924848
    ],
    [
      0.019,
      0.02720268938126913,
      -0.08431461247849259
    ],
    [
      0.010276895676091358,
      0.0445,
      0.023940281044954326
    ],
    [
      0.019,
      0.034847992210242595,
      -0.03932674652259549
    ],
    [
      0.007472166903754851,
      0.0445,
      -0.03986173737158999
    ],
    [
      0.010996775061933528,
      0.0445,
      0.02756131121645944
    ],
    [
      0.019,
      0.02554745640524181,
      -0.08355867306525455
    ],
    [
      0.019,
      0.023774747212530034,
      -0.0875
    ],
    [
      0.019,
      -0.015438815061540878,
      0.01844806781535191
    ],
    [
      0.019,
      0.03536755184027074,
      -0.04668169028716346
    ],
    [
      0.008414989651637228,
      0.0445,
      -0.0430023670402227
    ],
    [
      0.019,
      0.02172159781345606,
      -0.08195734021225884
    ],
    [
      0.019,
      0.020231342427697863,
      -0.08481926664965542
    ],
    [
      0.019,
      -0.019162756840611306,
      0.015710841925424657
    ],
    [
      0.019,
      -0.02220062922015953,
      0.014846416662084028
    ],
    [
      0.019,
      0.024651736512914746,
      -0.08079469511902351
    ],
    [
      0.019,
      0.020404261016293224,
      -0.0875
    ],
    [
      0.019,
      0.02728363886863816,
      -0.08125131796662702
    ],
    [
      0.019,
      -0.02766446753352847,
      0.01473925278219057
    ],
    [
      0.019,
      -0.0164945965713853,
      0.016907802101425895
    ],
    [
      0.019,
      0.028731824563346997,
      -0.08245070659981635
    ],
    [
      0.019,
      -0.024352205038919994,
      0.013453300352024744
    ],
    [
      0.019,
      0.018721101873170554,
      -0.07862028223339704
    ],
    [
      0.019,
      0.016572939899310524,
      -0.0825676851215629
    ],
    [
      0.019,
      0.02234572175755334,
      -0.07707665646706405
    ],
    [
      0.019,
      0.025412261166764205,
      -0.07787286054581125
    ]
  ],