{
  "label_idx": 11,
  "object_pose_goal": [
    0.6630792903900146,
    -0.6286059656863081,
    0.5718376922607422,
    0.7284119129180908,
    -0.22481995820999146,
    -0.621663510799408,
    -0.18001826107501984
  ],
  "candidate_points_obj": [
    [
      0.0018456221272425966,
      -0.0445,
      -0.02728910369438875
    ],
    [
      0.0037282924305761522,
      -0.0445,
      -0.024024464055171224
    ],
    [
      0.004118445479083133,
      -0.0445,
      -0.02738896574009353
    ],
    [
      0.0046712830590140975,
      -0.0445,
      -0.030562693275573705
    ],
    [
      -0.003764289384051489,
      0.0445,
      -0.009636913298917027
    ],
    [
      -0.003626634648159377,
      0.0445,
      -0.012687872844480585
    ],
    [
      0.0015961065215559511,
      -0.0445,
      -0.0292284129657836
    ],
    [
      0.007315532267041069,
      -0.0445,
      -0.022558495142332324
    ],
    [
      -0.005688868734711083,
      0.0445,
      -0.005056172061213893
    ],
    [
      -0.00734360131384737,
      0.0445,
      -0.01034052525917628
    ],
    [
      0.003734419190568161,
      -0.0445,
      0.043281696435355066
    ],
    [
      -0.0014735468367258475,
      -0.0445,
      0.04108982162027053
    ],
    [
      -0.011383548777535335,
      -0.0445,
      0.015986196574386935
    ],
    [
      0.0016145841890135015,
      -0.0445,
      -0.025779363311730363
    ],
    [
      -0.0068052213780346316,
      -0.0445,
      0.01704526950024765
    ],
    [
      -0.008739918944632663,
      0.0445,
      -0.01268518604690183
    ],
    [
      -0.010665807059347054,
      -0.0445,
      0.011948476975039202
    ],
    [
      0.004846279431947931,
      -0.0445,
      0.039351769746294174
    ],
    [
      -0.005836938658579149,
      -0.0445,
      0.012458158823305143
    ],
    [
      -0.0006568981738777069,
      -0.0445,
      0.03793692140347893
    ],
    [
      -0.00924190254324031,
      0.0445,
      -0.008074633463959313
    ],
    [
      0.007512270011820643,
      -0.0445,
      -0.027081111849487915
    ],
    [
      -0.013794888164899155,
      -0.0445,
      0.011996240272670322
    ],
    [
      -0.015163675684175537,
      -0.0445,
      0.014722697691049058
    ],
    [
      -0.0031714828215191337,
      -0.0445,
      0.043611731762367545
    ],
    [
      -0.014881168676533996,
      -0.0445,
      0.010075412384001003
    ],
    [
      -0.011024363193556375,
      -0.0445,
      0.008933866003431379
    ],
    [
      -0.0036319211190537493,
      -0.0445,
      0.03791344431482091
    ],
    [
      0.0013261987006272236,
      -0.0445,
      0.04684543202387703
    ],
    [
      -0.004578793159001782,
      -0.0445,
      0.039667149419561065
    ],
    [
      0.0020753933822974524,
      -0.0445,
      -0.02336553166293598
    ],
    [
      -0.011911075793256565,
      0.0445,
      -0.010127889086213537
    ],
    [
      0.00013597563724632167,
      -0.0445,
      -0.027123965355893342
    ],
    [
      -0.005266732631565518,
      -0.0445,
      0.041107377386109034
    ],
    [
      -0.00993264260119775,
      0.0445,
      -0.005333735668560768
    ],
    [
      -0.0009591368823319568,
      -0.0445,
      0.03573875914075508
    ],
    [
      -0.009492965876891413,
      0.0445,
      -0.015570550880904643
    ],
    [
      -0.005709050651308667,
      -0.0445,
      0.009583232738632486
    ],
    [
      -0.007424897044911449,
      0.0445,
      -0.0019117442655670613
    ],
    [
      -0.004568955052749235,
      -0.0445,
      0.036603634490254056
    ],
    [
      -0.01711994069864431,
      -0.0445,
      0.013830837279518615
    ],
    [
      -0.01476264027439489,
      -0.0445,
      0.017756426357142585
    ],
    [
      0.004814320147799478,
      -0.0445,
      0.036957315257204915
    ],
    [
      -0.007804343698831984,
      -0.0445,
      0.02069166526587274
    ],
    [
      -0.006173798355486371,
      -0.0445,
      0.03892727214267788
    ],
    [
      -0.011947227202962707,
      -0.0445,
      0.0196740839661379
    ],
    [
      -0.006484407530608194,
      -0.0445,
      0.041166940575282696
    ],
    [
      -0.012243721996444412,
      0.0445,
      -0.005782280898188219
    ],
    [
      -0.004872818215964858,
      -0.0445,
      0.04457037771653716
    ],
    [
      -0.016408962074306865,
      -0.0445,
      0.01779804641546434
    ],
    [
      -0.01435202008135339,
      0.0445,
      -0.012642036565657877
    ],
    [
      -0.013587873387751692,
      -0.0445,
      0.020838891047711194
    ],
    [
      -0.009582096497590564,
      0.0445,
      -0.0010130361099173202
    ],
    [
      -0.005607142467832449,
      -0.0445,
      -0.007025601137652049
    ],
    [
      -0.007933902507714308,
      -0.0445,
      0.022194697115242246
    ],
    [
      -0.011132877195501378,
      -0.0445,
      -0.0070370769243627285
    ],
    [
      -0.014954048858111468,
      0.0445,
      -0.0070678421768525235
    ],
    [
      -0.005871560924528008,
      -0.0445,
      -0.002196506112111085
    ],
    [
      -0.010407508287600065,
      -0.0445,
      -0.011203881874010224
    ],
    [
      -0.010852169906707787,
      -0.0445,
      -0.003273410255456466
    ],
    [
      -0.013145641660750051,
      -0.0445,
      -0.0072288787732865956
    ],
    [
      -0.014213167777508917,
      -0.0445,
      -0.00905078864850617
    ],
    [
      -0.014013914447329134,
      -0.0445,
      -0.00526231481367867
    ],
    [
      -0.014710157084772302,
      -0.0445,
      -0.011423063917803344
    ],
    [
      -0.005487821493503353,
      -0.0445,
      0.00035132684764038746
    ],
    [
      -0.015618589134982597,
      -0.0445,
      -0.007162283937646952
    ],
    [
      -0.01345564379647235,
      -0.0445,
      -0.0025820852751449186
    ]
  ],