{
  "label_idx": 9,
  "object_pose_goal": [
    0.7110817359019171,
    -0.6396025086796527,
    0.5909152317047119,
    -0.26663610339164734,
    -0.2932041883468628,
    0.63385409116745,
    0.664202868938446
  ],
  "candidate_points_obj": [
    [
      0.019,
      -0.0006940321079298428,
      0.0016479001612728084
    ],
    [
      0.019,
      0.00228595916134422,
      0.0032243225789380103
    ],
    [
      0.019,
      -0.0029637564800819582,
      0.00034964545679749826
    ],
    [
      0.019,
      0.006675915989036052,
      0.004212111984745914
    ],
    [
      0.019,
      -0.0006783982162186231,
      -0.0014254882776645328
    ],
    [
      0.019,
      0.00018509649814246742,
      0.0005525875442361494
    ],
    [
      0.019,
      -0.0006357105875497426,
      0.00351661451931784
    ],
    [
      0.019,
      0.0027897307045148256,
      0.0001942511848340711
    ],
    [
      0.019,
      -0.013801632260628582,
      0.04010347720990126
    ],
    [
      0.019,
      0.002886958836723963,
      -0.0029739090521396783
    ],
    [
      0.019,
      0.006923182278834816,
      0.00015397160468055837
    ],
    [
      0.019,
      -0.011047206852425218,
      0.04391892535189734
    ],
    [
      0.019,
      -0.015060857685295748,
      0.0428504792388259
    ],
    [
      0.019,
      -0.015129556585837478,
      0.03823388097707037
    ],
    [
      0.019,
      -0.010617084282430245,
      0.03989914966408126
    ],
    [
      0.019,
      -0.017367934716458255,
      0.04200427334988832
    ],
    [
      0.019,
      -0.011471354265268352,
      0.03684875301521462
    ],
    [
      0.019,
      -0.005833220955470675,
      0.04009151692261159
    ],
    [
      0.019,
      -0.006521629838428633,
      0.04464039412412846
    ],
    [
      0.019,
      -0.014921306372070342,
      0.04568748594357386
    ],
    [
      0.019,
      -0.006382251040876419,
      0.03711160388424983
    ],
    [
      0.019,
      -0.008063753640339288,
      0.017476779513892704
    ],
    [
      0.019,
      -0.012217315435634535,
      0.04732863461021353
    ],
    [
      0.019,
      -0.013422437064034787,
      0.013228269665073955
    ],
    [
      0.019,
      -0.017012720143605442,
      0.045712687086324144
    ],
    [
      0.019,
      -0.013993324372748694,
      0.01742225451555124
    ],
    [
      0.019,
      -0.007974581160144933,
      0.04808838601948684
    ],
    [
      0.019,
      -0.016441967280796388,
      0.017012167826282676
    ],
    [
      0.019,
      -0.014274937506982277,
      0.048454925533230386
    ],
    [
      0.019,
      -0.01779246242834709,
      0.015063084259278714
    ],
    [
      -0.019,
      0.015102971736129622,
      0.009623390567923717
    ],
    [
      0.019,
      -0.014102422861529407,
      0.02081564521655599
    ],
    [
      0.019,
      -0.01862085883118403,
      0.012516444250792236
    ],
    [
      0.019,
      -0.008802074210273125,
      0.021856568054363867
    ],
    [
      -0.019,
      0.016163582752218963,
      0.006654453397483828
    ],
    [
      0.019,
      -0.017711131433020166,
      0.018681594255046785
    ],
    [
      -0.019,
      0.012021243520804692,
      0.013511071565413202
    ],
    [
      -0.019,
      0.011992287658207146,
      0.0076780426275475655
    ],
    [
      0.019,
      -0.008933668539398698,
      0.0493175444675753
    ],
    [
      0.019,
      -0.019829058095556906,
      0.016518686579114483
    ],
    [
      -0.019,
      0.011411050016118751,
      0.004828014629740585
    ],
    [
      -0.019,
      0.009562429747196566,
      0.0092064217487412
    ],
    [
      0.019,
      -0.0177912733411959,
      0.020847144236529114
    ],
    [
      -0.019,
      0.009534292332395333,
      0.015959648076921074
    ],
    [
      -0.019,
      0.008177340348088147,
      0.01168715382601282
    ],
    [
      -0.019,
      0.007636104255110188,
      0.006166063533345922
    ],
    [
      -0.019,
      0.011669158327485718,
      0.0016302909642565977
    ],
    [
      -0.019,
      0.006135694874083053,
      0.010386553471676385
    ],
    [
      -0.019,
      0.007236823386834179,
      0.01599409984775113
    ],
    [
      -0.019,
      0.006146946701525935,
      0.002827443622105408
    ]
  ],
  "candidate_normals_obj": [
    [
      1.0,
      0.0,
      0.0
    ],
    [
      1.0,
      0.0,
      0.0
    ],
    [
      1.0,
      0.0,
      0.0
    ],
    [
      1.0,
      0.0,
      0.0
    ],
    [
      1.0,
      0.0,
      0.0
    ],
    [
      1.0,
      0.0,
      0.0
    ],
    [
      1.0,
      0.0,
      0.0
    ],
    [
      1.0,
      0.0,
      0.0
    ],
    [
      1.0,
      0.0,
      0.0
    ],
    [
      1.0,
      0.0,
      0.0
    ],
    [
      1.0,
      0.0,
      0.0
    ],
    [
      1.0,
      0.0,
      0.0
    ],
    [
      1.0,
      0.0,
      0.0
    ],
    [
      1.0,
      0.0,
      0.0
    ],
    [
      1.0,
      0.0,
      0.0
    ],
    [
      1.0,
      0.0,
      0.0
    ],
    [
      1.0,
      0.0,
      0.0
    ],
    [
      1.0,
      0.0,
      0.0
    ],
    [
      1.0,
      0.0,
      0.0
    ],
    [
      1.0,
      0.0,
      0.0
    ],
    [
      1.0,
      0.0,
      0.0
    ],
    [
      1.0,
      0.0,
      0.0
    ],
    [
      1.0,
      0.0,
      0.0
    ],
    [
      1.0,
      0.0,
      0.0
    ],
    [
      1.0,
      0.0,
      0.0
    ],
    [
      1.0,
      0.0,
      0.0
    ],
    [
      1.0,
      0.0,
      0.0
    ],
    [
      1.0,
      0.0,
      0.0
    ],
    [
      1.0,
      0.0,
      0.0
    ],
    [
      1.0,
      0.0,
      0.0
    ],
    [
      -1.0,
      0.0,
      0.0
    ],
    [
      1.0,
      0.0,
      0.0
    ],
    [
      1.0,
      0.0,
      0.0
    ],
    [
      1.0,
      0.0,
      0.0
    ],
    [
      -1.0,
      0.0,
      0.0
    ],
    [
      1.0,
      0.0,
      0.0
    ],
    [
      -1.0,
      0.0,
      0.0
    ],
    [
      -1.0,
      0.0,
      0.0
    ],
    [
      1.0,
      0.0,
      0.0
    ],
    [
      1.0,
      0.0,
      0.0
    ],
    [
      -1.0,
      0.0,
      0.0
    ],
    [
      -1.0,
      0.0,
      0.0
    ],
    [
      1.0,
      0.0,
      0.0
    ],
    [
      -1.0,
      0.0,
      0.0
    ],
    [
      -1.0,
      0.0,
      0.0
    ],
    [
      -1.0,
      0.0,
      0.0
    ],
    [
      -1.0,
      0.0,
      0.0
    ],
    [
      -1.0,
      0.0,
      0.0
    ],
    [
      -1.0,
      0.0,
      0.0
    ],
    [
      -1.0,
      0.0,
      0.0
    ]
  ],
  "candidate_scores": [
    1.6056346331064925e-05,
    0.0006087321894663565,
    0.000740284655796803,
    0.0009181257132062741,
    0.0020498562733378307,
    0.0022858065500532578,
    0.002389609047677644,
    0.002703798909475825,
    0.003380988532378327,
    0.003405214712778746,
    0.003601831981311688,
    0.0036033392920510263,
    0.0036127427691637834,
    0.0036533747597773322,
    0.003677254654014698,
    0.004377551108266476,
    0.00448447436257195,
    0.0049885198367365935,
    0.005042422941985845,
    0.005522760157552303,
    0.006373221222235381,
    0.006804483911788985,
    0.006859859140107255,
    0.00688170964626332,
    0.006941571791506125,
    0.0070820604546565705,
    0.007690077483325959,
    0.008189828914212265,
    0.008539173121947366,
    0.008711437959535013,
    0.00918629518307364,
    0.009316312781587208,
    0.009378113175616522,
    0.009583369604846976,
    0.009682135182649033,
    0.009953722092921564,
    0.010231124821260876,
    0.010637122967415192,
    0.011089640614912015,
    0.011176565049714291,
    0.011435074437675264,
    0.011821835446955548,
    0.01291501135216189,
    0.013096791817772794,
    0.01320040573072662,
    0.013362468440937057,
    0.013433816624799828,
    0.014928484949249258,
    0.016518619348657285,
    0.016693384881304358
  ],