{
  "label_idx": 6,
  "object_pose_goal": [
    0.7268345784208067,
    -0.6568041035690485,
    0.6206714797019959,
    -0.40911179780960083,
    -0.05093604698777199,
    -0.00608495157212019,
    0.9110412001609802
  ],
  "candidate_points_obj": [
    [
      0.011963004608329053,
      -0.0445,
      0.04170839495971557
    ],
    [
      -0.019,
      -0.024810588317363935,
      0.07862797985121572
    ],
    [
      0.019,
      -0.006755100423807225,
      0.0625292803177584
    ],
    [
      0.019,
      -0.02981111280681925,
      0.038410956455591116
    ],
    [
      -0.019,
      -0.01926917455454802,
      0.07531476195334208
    ],
    [
      -0.019,
      -0.021974235719464774,
      0.07994894109630024
    ],
    [
      -0.019,
      -0.022219150034447077,
      0.07566894248565992
    ],
    [
      0.019,
      -0.005023700317191682,
      0.060678477526711405
    ],
    [
      0.019,
      -0.03226502199556858,
      0.04117954755066755
    ],
    [
      -0.019,
      -0.015592483931290313,
      0.07586631336160332
    ],
    [
      0.019,
      -0.028334797175572857,
      0.036204560569057964
    ],
    [
      0.019,
      -0.008992856614068456,
      0.06496178014247911
    ],
    [
      0.019,
      -0.024873969896569426,
      0.037612123059900915
    ],
    [
      0.019,
      -0.0034703044290892437,
      0.0636169869110168
    ],
    [
      0.010172332709806886,
      -0.0445,
      0.0302255428368845
    ],
    [
      0.019,
      -0.011175602176904054,
      0.0688973613683197
    ],
    [
      0.019,
      -0.009022278540535278,
      0.06183760092539592
    ],
    [
      0.019,
      -0.03199544657512621,
      0.04771220467281079
    ],
    [
      0.019,
      -0.02093784324662351,
      0.039867564687904755
    ],
    [
      0.019,
      -0.034464288672228616,
      0.04561046030531368
    ],
    [
      0.010610407066933766,
      -0.0445,
      0.03731720701113872
    ],
    [
      0.019,
      -0.010845287355385924,
      0.06405609117336886
    ],
    [
      0.019,
      -0.005510048333021378,
      0.06388662000460199
    ],
    [
      0.014353834684112471,
      -0.0445,
      0.04168922142682829
    ],
    [
      0.019,
      -0.0028293489167539043,
      0.06758966301508296
    ],
    [
      -0.019,
      -0.02300208920889224,
      0.07312789356752458
    ],
    [
      0.019,
      -0.0058889426949544355,
      0.0665123531412779
    ],
    [
      0.019,
      -0.027139611864125168,
      0.039625707262236465
    ],
    [
      -0.019,
      -0.02770667685143513,
      0.07522580891252695
    ],
    [
      0.010127885213356148,
      -0.0445,
      0.034236190254354426
    ],
    [
      -0.019,
      -0.01949881248392471,
      0.07147506983550489
    ],
    [
      0.019,
      -0.02340486398603303,
      0.04044246516951289
    ],
    [
      0.019,
      -0.01363041827060607,
      0.06781321693303
    ],
    [
      0.019,
      -0.029817814984359425,
      0.042900171579888124
    ],
    [
      0.019,
      -0.027357645491945526,
      0.04984987583194633
    ],
    [
      0.019,
      -0.02219525405686995,
      0.045380037668206974
    ],
    [
      0.019,
      -0.006924137008619713,
      0.07055675906288295
    ],
    [
      0.019,
      -0.025447999950851008,
      0.041567411405914356
    ],
    [
      0.019,
      -0.026121030392634914,
      0.04413306972054176
    ],
    [
      0.012485818138733978,
      -0.0445,
      0.037075661285787875
    ],
    [
      0.011031286683752493,
      -0.0445,
      0.033341827276763825
    ],
    [
      -0.019,
      -0.015069842150985169,
      0.0703178679794858
    ],
    [
      -0.019,
      -0.024651461979086853,
      0.07158017870606048
    ],
    [
      -0.019,
      -0.022674115349423984,
      0.06969348033580758
    ],
    [
      -0.019,
      -0.02872129913123922,
      0.0725864300934026
    ],
    [
      0.004368250701422792,
      -0.0445,
      0.03637667461650462
    ],
    [
      0.006464637912527986,
      -0.0445,
      0.035310661960933354
    ],
    [
      0.002947801509686307,
      -0.0445,
      0.033006460662860615
    ],
    [
      0.0021812339676771514,
      -0.0445,
      0.03416401572565553
    ],
    [
      0.002528421769444636,
      -0.0445,
      0.0372744564360572
    ],
    [
      0.0021868650739507375,
      -0.0445,
      0.031096595421135853
    ],
    [
      0.00687377466600763,
      -0.0445,
      0.04115781615956027
    ],
    [
      0.0012228610948800678,
      -0.0445,
      0.03320607211700222
    ],
    [
      0.0007952715052606668,
      -0.0445,
      0.03228820032505819
    ],
    [
      0.0005969917177825329,
      -0.0445,
      0.03666124732783549
    ],
    [
      0.004132610517051043,
      -0.0445,
      0.042236879566514896
    ]
  ],
  "candidate_normals_obj": [
    [
      0.0,
      -1.0,
      0.0
    ],
    [
      -1.0,
      0.0,
      0.0
    ],
    [
      1.0,
      0.0,
      0.0
    ],
    [
      1.0,
      0.0,
      0.0
    ],
    [
      -1.0,
      0.0,
      0.0
    ],
    [
      -1.0,
      0.0,
      0.0
    ],
    [
      -1.0,
      0.0,
      0.0
    ],
    [
      1.0,
      0.0,
      0.0
    ],
    [
      1.0,
      0.0,
      0.0
    ],
    [
      -1.0,
      0.0,
      0.0
    ],
    [
      1.0,
      0.0,
      0.0
    ],
    [
      1.0,
      0.0,
      0.0
    ],
    [
      1.0,
      0.0,
      0.0
    ],
    [
      1.0,
      0.0,
      0.0
    ],
    [
      0.0,
      -1.0,
      0.0
    ],
    [
      1.0,
      0.0,
      0.0
    ],
    [
      1.0,
      0.0,
      0.0
    ],
    [
      1.0,
      0.0,
      0.0
    ],
    [
      1.0,
      0.0,
      0.0
    ],
    [
      1.0,
      0.0,
      0.0
    ],
    [
      0.0,
      -1.0,
      0.0
    ],
    [
      1.0,
      0.0,
      0.0
    ],
    [
      1.0,
      0.0,
      0.0
    ],
    [
      0.0,
      -1.0,
      0.0
    ],
    [
      1.0,
      0.0,
      0.0
    ],
    [
      -1.0,
      0.0,
      0.0
    ],
    [
      1.0,
      0.0,
      0.0
    ],
    [
      1.0,
      0.0,
      0.0
    ],
    [
      -1.0,
      0.0,
      0.0
    ],
    [
      0.0,
      -1.0,
      0.0
    ],
    [
      -1.0,
      0.0,
      0.0
    ],
    [
      1.0,
      0.0,
      0.0
    ],
    [
      1.0,
      0.0,
      0.0
    ],
    [
      1.0,
      0.0,
      0.0
    ],
    [
      1.0,
      0.0,
      0.0
    ],
    [
      1.0,
      0.0,
      0.0
    ],
    [
      1.0,
      0.0,
      0.0
    ],
    [
      1.0,
      0.0,
      0.0
    ],
    [
      1.0,
      0.0,
      0.0
    ],
    [
      0.0,
      -1.0,
      0.0
    ],
    [
      0.0,
      -1.0,
      0.0
    ],
    [
      -1.0,
      0.0,
      0.0
    ],
    [
      -1.0,
      0.0,
      0.0
    ],
    [
      -1.0,
      0.0,
      0.0
    ],
    [
      -1.0,
      0.0,
      0.0
    ],
    [
      0.0,
      -1.0,
      0.0
    ],
    [
      0.0,
      -1.0,
      0.0
    ],
    [
      0.0,
      -1.0,
      0.0
    ],
    [
      0.0,
      -1.0,
      0.0
    ],
    [
      0.0,
      -1.0,
      0.0
    ],
    [
      0.0,
      -1.0,
      0.0
    ],
    [
      0.0,
      -1.0,
      0.0
    ],
    [
      0.0,
      -1.0,
      0.0
    ],
    [
      0.0,
      -1.0,
      0.0
    ],
    [
      0.0,
      -1.0,
      0.0
    ],
    [
      0.0,
      -1.0,
      0.0
    ]
  ],