{
  "label_idx": 10,
  "object_pose_goal": [
    0.7373922761175103,
    -0.6424750406951049,
    0.5793603348731995,
    0.344160795211792,
    -0.34632644057273865,
    0.636814534664154,
    -0.596723198890686
  ],
  "candidate_points_obj": [
    [
      0.019,
      -0.020295225069349332,
      -0.02236008878602691
    ],
    [
      0.019,
      -0.012730071725944092,
      -0.017010988535832494
    ],
    [
      0.019,
      -0.015866473625509303,
      -0.021621879829174406
    ],
    [
      0.019,
      -0.013703534463410216,
      -0.018922657107329766
    ],
    [
      0.019,
      -0.016288658120527044,
      -0.018389923168115274
    ],
    [
      0.019,
      -0.012792315437179402,
      -0.020253514711512044
    ],
    [
      0.019,
      -0.016251844391538373,
      -0.015165540763819707
    ],
    [
      0.019,
      -0.020414323126930034,
      -0.018054650191080657
    ],
    [
      0.019,
      -0.010434911425733495,
      -0.019143195044083905
    ],
    [
      0.019,
      -0.012853825267788777,
      -0.022332415558266483
    ],
    [
      0.019,
      -0.004464026664803278,
      -0.05199773170787325
    ],
    [
      0.019,
      -0.00595593341560019,
      -0.05376924898374369
    ],
    [
      0.019,
      -0.004902874541633073,
      -0.05666914714070859
    ],
    [
      -0.019,
      -0.016708725465562235,
      -0.027387151343128746
    ],
    [
      -0.019,
      -0.022075673196945922,
      -0.0276785755575637
    ],
    [
      -0.019,
      -0.021889054480734416,
      -0.030781750818827724
    ],
    [
      -0.019,
      -0.018119091842497714,
      -0.029826412981234895
    ],
    [
      0.019,
      -0.0025001829417033994,
      -0.055989805921449864
    ],
    [
      0.019,
      -0.008945246557707454,
      -0.05321122539588152
    ],
    [
      0.019,
      -0.008891141894142196,
      -0.05734982051102455
    ],
    [
      0.019,
      -0.0078092199814041585,
      -0.05018103753332437
    ],
    [
      -0.019,
      -0.015650377460246556,
      -0.024159598273037486
    ],
    [
      -0.019,
      -0.01587064859370635,
      -0.03184627767770232
    ],
    [
      -0.019,
      -0.013043778926977057,
      -0.029564544972849216
    ],
    [
      -0.019,
      -0.01949153750192978,
      -0.035068014129134184
    ],
    [
      0.019,
      -0.004971732199639534,
      -0.05941294203365388
    ],
    [
      0.019,
      -0.0052925965185398605,
      -0.03158720163452389
    ],
    [
      0.019,
      -0.00517310408595828,
      -0.035841424589741155
    ],
    [
      0.019,
      -0.013289638071977472,
      -0.0528412614297753
    ],
    [
      0.019,
      -0.013026252006888894,
      -0.05756253583389248
    ],
    [
      -0.019,
      -0.01469726561035467,
      -0.034277791021597115
    ],
    [
      0.019,
      -0.00259536124046722,
      -0.035765750623346415
    ],
    [
      -0.019,
      -0.009998203814390316,
      -0.026494502544791687
    ],
    [
      0.019,
      -0.010882961354246157,
      -0.0351669335642214
    ],
    [
      0.019,
      -0.0027398167911726334,
      -0.05953704548481342
    ],
    [
      0.019,
      -0.0009577710669442796,
      -0.033998357767301535
    ],
    [
      -0.019,
      -0.012088790672140637,
      -0.03353799211839259
    ],
    [
      0.019,
      -0.012412891843585627,
      -0.04981028302936308
    ],
    [
      0.019,
      0.0002633961846434385,
      -0.0315910242641777
    ],
    [
      0.019,
      -0.007520438323813772,
      -0.060759021712822436
    ],
    [
      -0.019,
      -0.016894341653598266,
      -0.03764133503566092
    ],
    [
      0.019,
      -0.015569197949189428,
      -0.0772459495839205
    ],
    [
      0.019,
      -0.01633136739473018,
      -0.07538492304241728
    ],
    [
      0.019,
      -0.015050550294717246,
      -0.07411236777854069
    ],
    [
      0.019,
      -0.019096849216920786,
      -0.07843446021059663
    ],
    [
      0.019,
      -0.014856694373997281,
      -0.07870669203755498
    ],
    [
      0.019,
      -0.0012318374274253863,
      -0.037620629154999974
    ],
    [
      0.019,
      -0.013408169135389114,
      -0.07653431089338558
    ],
    [
      0.019,
      -0.005061687143364191,
      -0.039312641598880815
    ],
    [
      0.019,
      -0.01935593332186525,
      -0.07511071675022574
    ],
    [
      0.019,
      -0.013079273780030265,
      -0.07871418740384484
    ],
    [
      0.019,
      -0.017098478003780948,
      -0.08097837610760306
    ],
    [
      0.019,
      0.001282394155665556,
      -0.0357493388986041
    ],
    [
      0.019,
      -0.011459306640917322,
      -0.06105378135373374
    ],
    [
      0.019,
      -0.005341110258615944,
      -0.06200191693464496
    ],
    [
      0.019,
      -0.018310637448982425,
      -0.07280618152752372
    ],
    [
      0.019,
      -0.010138936332676596,
      -0.03971636077522789
    ],
    [
      -0.019,
      -0.008504484798790624,
      -0.031505996774168654
    ],
    [
      0.019,
      -0.014536711374222966,
      -0.08179315514855989
    ],
    [
      -0.019,
      -0.013910383631487222,
      -0.037911816662543174
    ],
    [
      0.019,
      -0.0237126396140781,
      -0.07988581029279973
    ],
    [
      0.019,
      -0.01715457359650796,
      -0.07188617676828479
    ],
    [
      0.019,
      -0.024243764152233727,
      -0.07575863230854618
    ],
    [
      0.019,
      -0.0008748844971421255,
      -0.0398572553944444
    ],
    [
      0.019,
      -0.02089724598957965,
      -0.08352745258655436
    ],
    [
      0.019,
      -0.02300804462655659,
      -0.07310178155085745
    ]
  ],