{
  "label_idx": 8,
  "object_pose_goal": [
    0.5658105943038082,
    -0.6273602056503296,
    0.6300451445579529,
    -0.573932409286499,
    -0.02361656352877617,
    0.024205360561609268,
    0.8182041049003601
  ],
  "candidate_points_obj": [
    [
      0.001959867794054493,
      -0.0445,
      -0.047503819479590925
    ],
    [
      0.00525309127489465,
      -0.0445,
      -0.05947534137808508
    ],
    [
      0.009138116768675153,
      -0.0445,
      -0.05792502841390512
    ],
    [
      0.012673374734233411,
      -0.0445,
      -0.026518672247948127
    ],
    [
      -4.8716106928137215e-05,
      -0.0445,
      -0.05603015328842198
    ],
    [
      -0.0010836048200025261,
      0.0445,
      -0.0174559625372408
    ],
    [
      0.011193278445798538,
      -0.0445,
      -0.04977014764571508
    ],
    [
      0.0032893456158135104,
      -0.0445,
      0.004706194507865913
    ],
    [
      0.008370091831861382,
      -0.0445,
      -0.04722093531731941
    ],
    [
      0.004172778441924485,
      -0.0445,
      -0.0570721990786105
    ],
    [
      -7.830553024024134e-05,
      0.0445,
      -0.011520534656369819
    ],
    [
      -0.0036326711598053674,
      0.0445,
      -0.021061242610904363
    ],
    [
      0.015041990509587044,
      -0.0445,
      -0.02759118807677252
    ],
    [
      -0.005361360898966494,
      0.0445,
      -0.02047334788736055
    ],
    [
      0.006476523424754854,
      -0.0445,
      -0.049105456971456074
    ],
    [
      0.011463057365799223,
      -0.0445,
      -0.05416366161778885
    ],
    [
      0.007465956502560489,
      -0.0445,
      -0.024007977243041823
    ],
    [
      -0.01665736802091916,
      -0.0445,
      -0.07103381492164262
    ],
    [
      -0.016282094087807675,
      -0.0445,
      -0.07560419171426103
    ],
    [
      0.011299786028494574,
      -0.0445,
      -0.030216089563167015
    ],
    [
      0.00925854354585981,
      -0.0445,
      -0.05063530868130328
    ],
    [
      0.0069726845871322385,
      -0.0445,
      0.0030355879382218953
    ],
    [
      0.007522130583553721,
      -0.0445,
      -0.05649599875569633
    ],
    [
      0.014087694291908703,
      -0.0445,
      -0.022693126924874907
    ],
    [
      0.000590246289853269,
      -0.0445,
      -0.05162744482020021
    ],
    [
      0.00796250580195651,
      -0.0445,
      0.006106231907670234
    ],
    [
      -0.009274200527265852,
      0.0445,
      -0.02207866022204219
    ],
    [
      0.009210204918693787,
      -0.0445,
      0.0017189783075977072
    ],
    [
      0.017154515588732655,
      -0.0445,
      -0.026711019398072633
    ],
    [
      0.0018722585806318914,
      -0.0445,
      0.00023975288810917927
    ],
    [
      -0.010927928697114286,
      -0.0445,
      -0.07175478660021373
    ],
    [
      0.015473264753026572,
      -0.0445,
      -0.030149425509014338
    ],
    [
      -0.010648602304181909,
      -0.0445,
      -0.07502329250667816
    ],
    [
      -0.0003062833594172365,
      -0.0445,
      -0.05859527818671151
    ],
    [
      0.009175068242144369,
      -0.0445,
      -0.053573920313334966
    ],
    [
      0.0034289571084678006,
      -0.0445,
      -0.045719016055190465
    ],
    [
      0.006233907651096271,
      -0.0445,
      -0.02900806380213261
    ],
    [
      -0.004065639983471647,
      0.0445,
      -0.01800772985202792
    ],
    [
      0.006205014573875844,
      -0.0445,
      -0.0004336175102989115
    ],
    [
      0.0051462647890845314,
      -0.0445,
      -0.05263264902218934
    ],
    [
      0.010616484720545771,
      -0.0445,
      0.003134506266631254
    ],
    [
      -0.0018551960572087411,
      0.0445,
      -0.01389742314132858
    ],
    [
      0.0183841636550518,
      -0.0445,
      -0.029658406527409253
    ],
    [
      -0.015905107051338907,
      -0.0445,
      -0.06769319184710187
    ],
    [
      -0.007736305972728563,
      -0.0445,
      -0.07428338124473644
    ],
    [
      0.009398662684088122,
      -0.0445,
      -0.0001878309457107319
    ],
    [
      -0.00980507876400194,
      -0.0445,
      -0.07750159872528539
    ],
    [
      -0.0076901835747031355,
      -0.0445,
      -0.07268190247221895
    ],
    [
      -0.010323732070939451,
      -0.0445,
      -0.06916132233837269
    ],
    [
      0.014678336696693883,
      -0.0445,
      -0.033058718919561914
    ],
    [
      -0.00411194702728318,
      0.0445,
      -0.015262341572467975
    ],
    [
      -0.0077528339444586925,
      -0.0445,
      -0.07086289962472558
    ],
    [
      0.011815952727636747,
      -0.0445,
      3.3763065200309583e-06
    ],
    [
      -0.006838965232043914,
      -0.0445,
      -0.07549073514943316
    ],
    [
      -0.008290744625572055,
      0.0445,
      -0.018902942532181166
    ],
    [
      0.01097005066374751,
      -0.0445,
      -0.03330211546527073
    ],
    [
      -0.006105739438083069,
      -0.0445,
      -0.07342416872816893
    ],
    [
      0.008450508346466712,
      -0.0445,
      -0.002513037050252298
    ],
    [
      0.017245896554902773,
      -0.0445,
      -0.03331788668339308
    ],
    [
      -0.006405723129396412,
      -0.0445,
      -0.0705601146974375
    ],
    [
      0.0055876789463388254,
      -0.0445,
      -0.0026319833615203736
    ],
    [
      0.006194881544910658,
      -0.0445,
      -0.03233371766143878
    ],
    [
      -0.00568233240561461,
      0.0445,
      -0.011449846858539114
    ],
    [
      -0.009165810756562365,
      -0.0445,
      -0.0681169479963355
    ],
    [
      0.0009264448054748797,
      -0.0445,
      -0.002596964999287521
    ],
    [
      -0.007126417537356267,
      0.0445,
      -0.01419121791846123
    ]
  ],