{
  "label_idx": 13,
  "object_pose_goal": [
    0.6472053098678588,
    -0.6685161306109594,
    0.5554602432250977,
    0.48982828855514526,
    0.6090795397758484,
    0.424879252910614,
    -0.4566924273967743
  ],
  "candidate_points_obj": [
    [
      0.0005159300670177225,
      0.0445,
      -0.05366786112070271
    ],
    [
      -0.0011489928721758469,
      0.0445,
      -0.04766425974646055
    ],
    [
      -0.0008774823850765667,
      -0.0445,
      -0.042209754947446665
    ],
    [
      -0.0003437791266589496,
      -0.0445,
      -0.038990171242812344
    ],
    [
      -0.005772547442847831,
      -0.0445,
      -0.042441497827327423
    ],
    [
      0.00347579863178199,
      -0.0445,
      -0.040234568045607544
    ],
    [
      0.002287055248227754,
      -0.0445,
      -0.04223080317721467
    ],
    [
      -0.005709791090548089,
      -0.0445,
      -0.03915684775438799
    ],
    [
      -0.0003264094593884437,
      -0.0445,
      -0.046114600351158885
    ],
    [
      -0.006643154523217842,
      0.0445,
      -0.04477458720242483
    ],
    [
      0.0035592438878662702,
      -0.0445,
      -0.04472036845327776
    ],
    [
      -0.004997888604631684,
      -0.0445,
      -0.04684029054292027
    ],
    [
      -0.013871118160108331,
      -0.0445,
      -0.010930883829926963
    ],
    [
      -0.002918938644023261,
      -0.0445,
      -0.07185304407638787
    ],
    [
      0.00563189516031104,
      -0.0445,
      -0.04350087471133279
    ],
    [
      -0.002829663299777352,
      -0.0445,
      -0.0751132311322858
    ],
    [
      0.00016591610970506654,
      -0.0445,
      -0.07225852980467351
    ],
    [
      -0.009968584754244891,
      -0.0445,
      -0.005470542769504871
    ],
    [
      -0.0018662997740657716,
      -0.0445,
      -0.06949799224551156
    ],
    [
      0.0014997095697977247,
      -0.0445,
      -0.07103770774126389
    ],
    [
      0.00077397932772022,
      -0.0445,
      -0.07408712153311064
    ],
    [
      -0.008553386260051143,
      -0.0445,
      -0.07192326720640763
    ],
    [
      -0.003284637121958145,
      0.0445,
      -0.04929490105590556
    ],
    [
      -0.008351999079214134,
      -0.0445,
      -0.0759830243379972
    ],
    [
      0.0012865148544157212,
      -0.0445,
      -0.07545713636126072
    ],
    [
      -0.002204708358984564,
      0.0445,
      -0.05386941270659762
    ],
    [
      0.0031233080762781418,
      -0.0445,
      -0.046980593951441996
    ],
    [
      0.002779865832876649,
      -0.0445,
      -0.07335309543784857
    ],
    [
      -0.0013265562701996747,
      -0.0445,
      -0.07747156594070365
    ],
    [
      -0.003936072995631812,
      0.0445,
      -0.05946611432874066
    ],
    [
      -0.006958540783622791,
      0.0445,
      -0.04693784352832492
    ],
    [
      -0.008881156360368181,
      -0.0445,
      -0.0092502360243093
    ],
    [
      -0.0011928177271822715,
      -0.0445,
      -0.06831296163910838
    ],
    [
      -0.007527542842238721,
      -0.0445,
      -0.06910863421195013
    ],
    [
      0.002780843787628884,
      -0.0445,
      -0.07539595451375086
    ],
    [
      0.0002312328044527523,
      -0.0445,
      -0.04846236553486233
    ],
    [
      -0.004035065803877413,
      -0.0445,
      -0.04934298350249039
    ],
    [
      -0.004504418907939678,
      0.0445,
      -0.05416215221165044
    ],
    [
      0.0048691985296248075,
      -0.0445,
      -0.04642821116894963
    ],
    [
      -0.013787510211551668,
      -0.0445,
      -0.014375435737511821
    ],
    [
      -0.0056650251600697255,
      0.0445,
      -0.051246878401471685
    ],
    [
      -0.007957920111939576,
      0.0445,
      -0.049140349172068554
    ],
    [
      -0.006267499808085331,
      -0.0445,
      -0.07935495240194501
    ],
    [
      -0.007339728289746994,
      -0.0445,
      -0.00801747041274592
    ],
    [
      0.0006614757824709994,
      -0.0445,
      -0.07814873477271334
    ],
    [
      -0.006717417301545514,
      -0.0445,
      -0.005717556261626955
    ],
    [
      -0.006713872829760215,
      -0.0445,
      -0.0029714195634736873
    ],
    [
      -0.019,
      0.03283459086649998,
      -0.05425613863917861
    ],
    [
      -0.006409655870558417,
      0.0445,
      -0.05785023243428605
    ],
    [
      -0.019,
      -0.025200449206285502,
      0.017002012920144027
    ],
    [
      -0.019,
      -0.028841481507903,
      0.019323090926268827
    ],
    [
      -0.019,
      -0.02780087989524538,
      0.01682758089031544
    ],
    [
      -0.019,
      -0.024906308986147874,
      0.019019262225970723
    ],
    [
      -0.019,
      -0.02665952358579582,
      0.013640679299123382
    ],
    [
      -0.019,
      -0.03041125730202543,
      0.015490179757414735
    ],
    [
      -0.019,
      -0.031650071751889275,
      0.01704285926757365
    ],
    [
      -0.019,
      -0.02351940283396059,
      0.015457333504014792
    ],
    [
      -0.019,
      -0.030105022698155737,
      0.013030812938958358
    ],
    [
      -0.019,
      -0.0248079643589868,
      0.00991125734590037
    ],
    [
      -0.019,
      -0.021565707430177716,
      0.01767828448209985
    ],
    [
      -0.019,
      -0.020883688874697492,
      0.012570921305517513
    ],
    [
      -0.019,
      -0.03215030270384789,
      0.01384670764359841
    ],
    [
      -0.019,
      -0.029330462254364975,
      0.009059128525155113
    ],
    [
      -0.019,
      -0.03117182997207857,
      0.01008285472599968
    ]
  ],