{
  "label_idx": 2,
  "object_pose_goal": [
    0.7348179100280009,
    -0.5965719938278198,
    0.5578362631797791,
    0.7068589925765991,
    0.07963050901889801,
    -0.6984058022499084,
    0.07898543030023575
  ],
  "candidate_points_obj": [
    [
      -0.0006948333475479407,
      -0.0445,
      0.021236459659815354
    ],
    [
      0.0002325163031587918,
      -0.010948341216555746,
      0.0875
    ],
    [
      0.019,
      -0.03939649416970692,
      -0.018710557507563674
    ],
    [
      0.017030981761783193,
      0.0445,
      0.010462240495692554
    ],
    [
      0.009612071912816544,
      0.0445,
      0.00495974023898349
    ],
    [
      0.0027076558548834173,
      -0.008812949929958958,
      0.0875
    ],
    [
      0.00803212864899816,
      -0.006844761216451056,
      0.0875
    ],
    [
      -0.0009281168926742467,
      -0.013185995454175314,
      0.0875
    ],
    [
      0.0013604377897893372,
      -0.0445,
      0.012802865956377918
    ],
    [
      0.019,
      0.03695909612769688,
      0.0035935407657033958
    ],
    [
      0.019,
      -0.04026769682435949,
      -0.02168237784863647
    ],
    [
      0.013633378893168513,
      -0.0445,
      -0.018033637981468287
    ],
    [
      0.00043679772840388154,
      -0.01210092486616221,
      0.0875
    ],
    [
      -0.00022714172838322888,
      -0.0445,
      0.016989935090364616
    ],
    [
      0.019,
      -0.03988143129977939,
      -0.015236434639391616
    ],
    [
      0.0029244753673728363,
      -0.017813802334142426,
      0.0875
    ],
    [
      -0.0002837981223904329,
      -0.015106756231882401,
      0.0875
    ],
    [
      0.01507563160657055,
      -0.0445,
      -0.014078298650653354
    ],
    [
      0.019,
      -0.04254150401025791,
      -0.012385887795719808
    ],
    [
      0.019,
      0.03939691182446914,
      0.0066175522841759316
    ],
    [
      0.0046771617046336145,
      -0.0445,
      0.04387242707665007
    ],
    [
      0.013094948280029994,
      0.0445,
      0.007458136776677504
    ],
    [
      0.019,
      0.0445,
      0.012222474249230841
    ],
    [
      0.0008253560509963176,
      -0.013744829072848908,
      0.0875
    ],
    [
      0.001364988532709055,
      -0.0445,
      0.021735737257661647
    ],
    [
      0.004606714349218555,
      -0.0445,
      0.02388801734536461
    ],
    [
      0.019,
      -0.041747523513452456,
      -0.009887502582982433
    ],
    [
      0.00204220233653718,
      -0.0445,
      0.014637128730616511
    ],
    [
      0.019,
      0.041717384048196804,
      0.00868344980987179
    ],
    [
      0.019,
      -0.03822477070988639,
      -0.013658456021472642
    ],
    [
      0.009316922606675826,
      -0.0445,
      0.025397371060647655
    ],
    [
      0.019,
      -0.04015993640805371,
      -0.01874577409292344
    ],
    [
      0.015355513658833697,
      -0.0445,
      -0.01686436467089092
    ],
    [
      0.019,
      -0.041453983134061456,
      -0.020451014908160148
    ],
    [
      0.006609688484799259,
      -0.0445,
      0.012498925619139012
    ],
    [
      0.003397039008121494,
      -0.010647384014135564,
      0.0875
    ],
    [
      0.019,
      -0.0445,
      -0.009347761774215702
    ],
    [
      0.0027126886110827586,
      -0.016268090659858236,
      0.0875
    ],
    [
      0.001783690203838617,
      -0.0445,
      0.01833553812716282
    ],
    [
      0.002130534476591839,
      -0.0445,
      0.04713419011786091
    ],
    [
      0.005650433882199879,
      -0.0445,
      0.04489947884395595
    ],
    [
      0.019,
      -0.037768998931556275,
      -0.018331088384973104
    ],
    [
      0.003405271144151567,
      -0.01374753111050464,
      0.0875
    ],
    [
      0.0032766458304355206,
      -0.0445,
      0.01610676888747442
    ],
    [
      0.008648125146165864,
      -0.016407729280999872,
      0.0875
    ],
    [
      0.008804251954679487,
      -0.0445,
      0.04476784800315714
    ],
    [
      0.019,
      0.03928795153449682,
      0.0049850331544107895
    ],
    [
      0.008963666294915185,
      -0.00948971460054826,
      0.0875
    ],
    [
      0.013609341318601587,
      -0.0445,
      0.04547752482429257
    ],
    [
      0.002507066050369655,
      -0.0445,
      0.051548593037106905
    ],
    [
      0.019,
      0.0445,
      0.012199821500025632
    ],
    [
      0.012839860613097387,
      0.0445,
      0.0020278448482939915
    ],
    [
      0.005235931531507698,
      -0.0445,
      0.020118679962942143
    ],
    [
      0.005726960415360582,
      -0.0445,
      0.01607412319141055
    ],
    [
      0.004079718603595461,
      -0.0445,
      0.04703935252299185
    ],
    [
      0.011573262226172831,
      -0.0445,
      0.016505345583035957
    ],
    [
      0.01036008368585617,
      -0.0445,
      0.02163509853421286
    ],
    [
      0.00896803871008145,
      -0.013325400814505173,
      0.0875
    ],
    [
      0.004230940556726348,
      -0.0445,
      0.05038450861105914
    ],
    [
      0.005146464019722519,
      -0.0445,
      0.05447125595824531
    ],
    [
      0.010759643230748406,
      -0.0445,
      0.056561576482966225
    ],
    [
      0.0078249447276858,
      -0.0445,
      0.04752214420749301
    ],
    [
      0.006926620472940681,
      -0.0445,
      0.052340066114056505
    ]
  ],