{
  "label_idx": 5,
  "object_pose_goal": [
    0.7580313959913917,
    -0.5843667371667608,
    0.6249201583862305,
    0.572609543800354,
    -0.011404587887227535,
    0.028860699385404587,
    0.8192406892776489
  ],
  "candidate_points_obj": [
    [
      -0.019,
      0.042443078367885856,
      0.04317928574387153
    ],
    [
      -0.019,
      0.03341395249572815,
      0.04608043117548788
    ],
    [
      0.019,
      0.02486490155194565,
      0.06543762857910074
    ],
    [
      0.019,
      0.02163524447576698,
      0.06146808328451936
    ],
    [
      -0.019,
      0.03158072621771996,
      0.035902816111082925
    ],
    [
      -0.019,
      0.03401754534875262,
      0.033356198412557436
    ],
    [
      -0.019,
      0.030975442261693797,
      0.06064667798377854
    ],
    [
      -0.019,
      0.04082461332535309,
      0.03834851607546308
    ],
    [
      -0.019,
      0.03840394213840376,
      0.032579125002033305
    ],
    [
      0.019,
      0.019157909599498146,
      0.05850336978147408
    ],
    [
      -0.019,
      0.0445,
      0.032633021982529486
    ],
    [
      -0.019,
      0.03857369697027663,
      0.03518512684178976
    ],
    [
      -0.019,
      0.032795507563803505,
      0.03750936077161304
    ],
    [
      -0.019,
      0.04171210008673687,
      0.03576128724113059
    ],
    [
      -0.019,
      0.035011639639609904,
      0.03593191473628565
    ],
    [
      -0.019,
      0.02967372523225381,
      0.040474431538542244
    ],
    [
      -0.019,
      0.03268674591566606,
      0.0402386038642335
    ],
    [
      -0.019,
      0.038294725656706496,
      0.044979068735244265
    ],
    [
      -0.017886409257798275,
      0.0445,
      0.033788028047109564
    ],
    [
      -0.01802504717078246,
      0.0445,
      0.036977487823012356
    ],
    [
      0.019,
      0.02025861895403669,
      0.06297166396404175
    ],
    [
      -0.019,
      0.030113397277336862,
      0.03470102463821867
    ],
    [
      -0.019,
      0.029940745734735374,
      0.06246413598706979
    ],
    [
      0.019,
      0.015319195124425256,
      0.05585214978666242
    ],
    [
      -0.019,
      0.0366003192025407,
      0.039781194852491986
    ],
    [
      0.019,
      0.01422870892859679,
      0.060145030836538105
    ],
    [
      0.019,
      0.017867782016923184,
      0.06122913492161175
    ],
    [
      0.019,
      0.0232270640356122,
      0.061334884222668196
    ],
    [
      -0.019,
      0.02906800657998876,
      0.05685855902478154
    ],
    [
      -0.017120425683411544,
      0.0445,
      0.03003030628338199
    ],
    [
      -0.01585397382564624,
      0.0445,
      0.03227823535321228
    ],
    [
      0.019,
      0.021437776800828756,
      0.06661587949897341
    ],
    [
      -0.019,
      0.020721601171385717,
      0.06477581814075384
    ],
    [
      -0.018336065028320858,
      0.0445,
      0.041707829476105185
    ],
    [
      -0.019,
      0.018045906263456535,
      0.060381381338155515
    ],
    [
      -0.014731066105641899,
      0.0445,
      0.03617627622838282
    ],
    [
      -0.019,
      0.02555306679706887,
      0.06443755429696563
    ],
    [
      -0.019,
      0.027886188257084443,
      0.05868588274728548
    ],
    [
      0.019,
      0.01850712503848706,
      0.06633153124564517
    ],
    [
      -0.019,
      0.02093310323644726,
      0.06083034122972508
    ],
    [
      -0.019,
      0.02648123629942778,
      0.05446295817847602
    ],
    [
      -0.019,
      0.019761252418987296,
      0.05709866577346823
    ],
    [
      -0.019,
      0.026423026391732163,
      0.056442853989148944
    ],
    [
      -0.019,
      0.024552092204768672,
      0.06022691923456913
    ],
    [
      -0.014701464047285673,
      0.0445,
      0.040599537109761386
    ],
    [
      -0.019,
      0.022692165046602653,
      0.05430517605598417
    ],
    [
      -0.019,
      0.023427011294956168,
      0.05696846336926531
    ],
    [
      -0.014607609348893824,
      0.0445,
      0.03209619389416518
    ],
    [
      -0.019,
      0.02121475438271997,
      0.0584733194512953
    ],
    [
      -0.007772805183646203,
      0.0445,
      0.04041029576707611
    ],
    [
      -0.00652888519072814,
      0.0445,
      0.036975492395803555
    ],
    [
      -0.0052914120733942305,
      0.0445,
      0.041398259907996726
    ],
    [
      -0.005231342255601956,
      0.0445,
      0.038242183609146
    ],
    [
      -0.003664780052871741,
      0.0445,
      0.03747203770346408
    ],
    [
      -0.002307279498086734,
      0.0445,
      0.041067292075269934
    ],
    [
      -0.009526810252184381,
      0.0445,
      0.03963924396759011
    ],
    [
      -0.0047871600315655405,
      0.0445,
      0.03542421530614026
    ],
    [
      -0.005257446824935452,
      0.0445,
      0.04694276832611155
    ],
    [
      -0.0026232890879085424,
      0.0445,
      0.03677607005787298
    ],
    [
      -0.008404024169305968,
      0.0445,
      0.04591295103876247
    ],
    [
      -0.0031491217101076163,
      0.0445,
      0.03515759968916565
    ],
    [
      -0.001583828755782335,
      0.0445,
      0.046475873930451383
    ],
    [
      -0.0006952693218136297,
      0.0445,
      0.03920203641451403
    ]
  ],