{
  "label_idx": 15,
  "object_pose_goal": [
    0.7391100310791138,
    -0.6759446691423574,
    0.6312058854103089,
    -0.45624420046806335,
    -0.020603004842996597,
    -0.014146508648991585,
    0.8895035982131958
  ],
  "candidate_points_obj": [
    [
      0.019,
      -0.02525863360787073,
      0.004728756193467798
    ],
    [
      0.019,
      -0.02937898406840822,
      0.00709751559230265
    ],
    [
      0.019,
      -0.0226260584732062,
      0.0034306092554505785
    ],
    [
      0.014870832815171556,
      -0.0445,
      -0.019747615213550507
    ],
    [
      0.01793482990111965,
      -0.0445,
      -0.019327929147287537
    ],
    [
      0.019,
      -0.018369389483520515,
      0.0039238592544023065
    ],
    [
      0.019,
      -0.021564456156781153,
      0.0022488408576534225
    ],
    [
      0.019,
      -0.026479030322831165,
      -0.00839499516013531
    ],
    [
      0.01142071090800549,
      -0.0445,
      -0.025066337902292624
    ],
    [
      0.019,
      -0.02917237813880391,
      -0.011424947859422607
    ],
    [
      0.019,
      -0.020504523416326803,
      0.0052810543647063835
    ],
    [
      0.011751298862746229,
      -0.0445,
      -0.029714564241848596
    ],
    [
      0.019,
      -0.030723912045002133,
      -0.0042313245141072375
    ],
    [
      0.019,
      -0.033770848966868994,
      -0.00848770786710884
    ],
    [
      0.019,
      -0.017738294412139144,
      0.007703853755895662
    ],
    [
      0.019,
      -0.02472391660753459,
      -0.010343629067328663
    ],
    [
      0.019,
      -0.02531644200752403,
      0.0034496113445843246
    ],
    [
      0.019,
      -0.018569850395674492,
      0.011787402501560518
    ],
    [
      0.019,
      -0.039479178434113193,
      -0.022372225793649392
    ],
    [
      0.012844018146688146,
      -0.0445,
      -0.03193786562192247
    ],
    [
      0.019,
      -0.025347825688697867,
      -0.01296768896197309
    ],
    [
      0.019,
      -0.02334002037910321,
      0.006971515431603681
    ],
    [
      0.019,
      -0.02092588881910684,
      0.009775528579915482
    ],
    [
      0.019,
      -0.019576942391341334,
      0.007415546534496165
    ],
    [
      0.019,
      -0.026819927990102355,
      0.00998147209207012
    ],
    [
      0.019,
      -0.022627812047639195,
      -0.01039108921661358
    ],
    [
      -0.019,
      -0.03676081857381497,
      0.01663881364212838
    ],
    [
      0.019,
      -0.024112740846822356,
      -0.005520281470495214
    ],
    [
      0.014200251812132553,
      -0.0445,
      -0.02283655066273904
    ],
    [
      0.019,
      -0.02334878656506112,
      0.013352200809173653
    ],
    [
      0.019,
      -0.03746336981934395,
      -0.02552555554656155
    ],
    [
      0.019,
      -0.027451843782050456,
      -0.015608937739207907
    ],
    [
      -0.019,
      -0.03930841463930279,
      0.014895491302008512
    ],
    [
      0.019,
      -0.02273847983977062,
      -0.013733730389109633
    ],
    [
      0.019,
      -0.031191314236776457,
      -0.014583593486530488
    ],
    [
      0.012297225687539104,
      -0.0445,
      -0.027671455798157107
    ],
    [
      0.019,
      -0.03553243577724474,
      -0.011943588845337638
    ],
    [
      -0.019,
      -0.03316405421242419,
      0.012861724569020128
    ],
    [
      0.019,
      -0.020556221253133056,
      -0.009807044116402652
    ],
    [
      0.019,
      -0.039187872721465844,
      -0.025282053791677472
    ],
    [
      -0.019,
      -0.03617589658843945,
      0.012662471341493897
    ],
    [
      -0.019,
      -0.029654878580994692,
      0.014252857577549682
    ],
    [
      0.019,
      -0.03850096880754106,
      -0.029371263182529694
    ],
    [
      0.019,
      -0.025448234426625915,
      -0.016967401520194825
    ],
    [
      -0.019,
      -0.041527357727422776,
      0.011419370085765101
    ],
    [
      -0.019,
      -0.03644552520965949,
      0.01033559720355004
    ],
    [
      -0.019,
      -0.032645333776234686,
      0.009493813993661226
    ],
    [
      -0.019,
      -0.03779372142404802,
      0.008870074432540731
    ],
    [
      -0.019,
      -0.028074454601970444,
      0.009565781247956151
    ],
    [
      -0.019,
      -0.04203343094859291,
      0.009253950265091349
    ],
    [
      -0.019,
      -0.0354725295216296,
      0.0076430345124886
    ],
    [
      -0.00676338731990446,
      -0.0445,
      -0.03614579872733048
    ],
    [
      -0.008353356642277654,
      -0.0445,
      -0.03833895861163639
    ],
    [
      -0.007779503568750845,
      -0.0445,
      -0.035233678794431955
    ],
    [
      -0.005102519111538112,
      -0.0445,
      -0.033275201547740774
    ],
    [
      -0.0032748916416036333,
      -0.0445,
      -0.034726396599154885
    ],
    [
      -0.009241699761171937,
      -0.0445,
      -0.03631665924945615
    ],
    [
      -0.009700072007778351,
      -0.0445,
      -0.0393857779261233
    ],
    [
      -0.010165818072453592,
      -0.0445,
      -0.03744563410310031
    ],
    [
      -0.007316447124248615,
      -0.0445,
      -0.03250716096695805
    ],
    [
      -0.010015794344012188,
      -0.0445,
      -0.03337152137376043
    ],
    [
      -0.0032987435659407455,
      -0.0445,
      -0.030058129804693356
    ],
    [
      -0.00625122330914854,
      -0.0445,
      -0.028877663936873632
    ],
    [
      -0.009579447508967817,
      -0.0445,
      -0.030031995260122013
    ]
  ],