{
  "label_idx": 7,
  "object_pose_goal": [
    0.7336048644005307,
    -0.6151824396021597,
    0.5834627437591553,
    -0.36817440390586853,
    -0.4052645266056061,
    0.574851393699646,
    0.6080741286277771
  ],
  "candidate_points_obj": [
    [
      0.019,
      0.02709885218886343,
      -0.017842377968887435
    ],
    [
      0.019,
      0.001063085433473221,
      0.007898848694213756
    ],
    [
      0.019,
      0.02368216016694702,
      -0.021478640778500924
    ],
    [
      0.019,
      0.006984101000233944,
      0.007813805634228399
    ],
    [
      0.019,
      0.001545115733299407,
      0.0036986819203108645
    ],
    [
      0.019,
      0.023157444002619765,
      -0.018306012267280458
    ],
    [
      0.019,
      -0.0014791089011623182,
      0.00766684992484723
    ],
    [
      0.019,
      0.0206066603690388,
      -0.018283626374059003
    ],
    [
      0.019,
      0.0264977846181349,
      -0.013570437772916999
    ],
    [
      0.019,
      -0.002919581308626573,
      0.005813203229724229
    ],
    [
      0.019,
      0.002682922101545304,
      0.03911625600770585
    ],
    [
      0.019,
      0.020107228301271096,
      -0.02031552255450575
    ],
    [
      0.019,
      0.0008421285590504146,
      0.011545513345500469
    ],
    [
      0.019,
      0.022419475469684036,
      -0.015143404736902122
    ],
    [
      0.019,
      -0.0028582917569521804,
      0.009554492866782116
    ],
    [
      0.019,
      -0.0038674989503121315,
      0.0033794708382278715
    ],
    [
      0.019,
      0.0061126104917431645,
      0.012522891624752508
    ],
    [
      0.019,
      0.019833665725252247,
      -0.017049511815643625
    ],
    [
      0.019,
      -0.005129659203328085,
      0.00758340436492877
    ],
    [
      0.019,
      0.005493037907280729,
      0.02622748010113163
    ],
    [
      0.019,
      0.017915146662788373,
      -0.018556225150977212
    ],
    [
      0.019,
      0.0041130889226306255,
      0.03737688821928398
    ],
    [
      -0.019,
      0.02937155684513182,
      0.0037409985150858027
    ],
    [
      -0.019,
      0.029983913459612932,
      0.0006260391458743353
    ],
    [
      0.019,
      -0.0021891524766073367,
      0.037966948407830325
    ],
    [
      0.019,
      -0.0031481211410738785,
      0.012059924461560567
    ],
    [
      0.019,
      0.0067717690204270875,
      0.05608442418731996
    ],
    [
      0.019,
      0.019856107106179688,
      -0.014907919461709773
    ],
    [
      -0.019,
      0.025869987840951736,
      0.002117597693282014
    ],
    [
      0.019,
      0.006327670051574308,
      0.028967649653827032
    ],
    [
      -0.019,
      0.024826058793599337,
      -0.0006493019348911
    ],
    [
      0.019,
      0.00022810785310201087,
      0.013697369765314882
    ],
    [
      0.019,
      6.439140347702654e-05,
      0.03658481702832317
    ],
    [
      -0.019,
      0.02669857467022152,
      0.007776573995580849
    ],
    [
      0.019,
      0.005097113376907436,
      0.014810302443064471
    ],
    [
      0.019,
      -0.00473152004758659,
      0.03504965765748036
    ],
    [
      0.019,
      0.005833895797021316,
      0.033530728147572186
    ],
    [
      0.019,
      0.0007820895318675358,
      0.02578713299810076
    ],
    [
      -0.019,
      0.023545504144482976,
      0.0037896049154509948
    ],
    [
      -0.019,
      0.02444764983134462,
      -0.004091869371770973
    ],
    [
      0.019,
      -0.002453372024961653,
      0.034790238642762206
    ],
    [
      -0.019,
      0.021098000417566154,
      0.0009401084725798592
    ],
    [
      0.019,
      0.008599846528663857,
      0.057646823703606964
    ],
    [
      0.019,
      0.0018470671306047848,
      0.028678688417035914
    ],
    [
      0.019,
      -0.0026457499688798958,
      0.02710245089379648
    ],
    [
      0.019,
      0.0015964502447353146,
      0.032684732526462645
    ],
    [
      0.019,
      -0.004816162229055454,
      0.030995841335686225
    ],
    [
      -0.019,
      0.022354340187752286,
      0.006160785062030105
    ],
    [
      0.019,
      -0.0012226513025749286,
      0.028901025760591947
    ],
    [
      0.019,
      0.001728122560993861,
      0.055894713645980976
    ],
    [
      0.019,
      -0.002397409025186925,
      0.03168864674315208
    ],
    [
      0.019,
      0.009143147545691788,
      0.06130782072327645
    ],
    [
      -0.019,
      0.024259052357923028,
      0.010062223005324555
    ],
    [
      0.019,
      0.0073319085952422425,
      0.06554559916684943
    ],
    [
      -0.019,
      0.02000995821277418,
      0.004962813739556982
    ],
    [
      0.019,
      0.003351988029297037,
      0.057502378992651204
    ],
    [
      -0.019,
      0.018844421276694612,
      -0.002594774463676397
    ],
    [
      0.019,
      -0.0012022356017284963,
      0.05749630425157326
    ],
    [
      0.019,
      0.00031730846294741877,
      0.06525632052374508
    ],
    [
      0.019,
      -0.002183102295720607,
      0.06019181542870777
    ],
    [
      0.019,
      0.000378216022287825,
      0.058327257194160986
    ],
    [
      0.019,
      -0.0019808618828625058,
      0.062411114550688374
    ],
    [
      0.019,
      7.375979062040905e-05,
      0.060139384804408946
    ],
    [
      0.019,
      0.0038574760847642775,
      0.06039320945643312
    ],
    [
      0.019,
      0.002518406162860143,
      0.06337837836952309
    ],
    [
      0.019,
      -0.00029981092971298473,
      0.06169126115166368
    ],
    [
      -0.019,
      0.017156819073129825,
      0.002442754323322638
    ]
  ],