{
  "label_idx": 17,
  "object_pose_goal": [
    0.7122770603521312,
    -0.6460691360295572,
    0.5554009366035462,
    0.6918392777442932,
    -0.2178281992673874,
    -0.6400096416473389,
    -0.25356847047805786
  ],
  "candidate_points_obj": [
    [
      -0.0014998136777102378,
      -0.0445,
      0.015049678556160018
    ],
    [
      -0.0005760406026537046,
      -0.0445,
      0.010894840794237748
    ],
    [
      -0.0008693424917743942,
      0.0445,
      0.010574440858451162
    ],
    [
      -0.0024843072399645116,
      -0.0445,
      0.04242713617685512
    ],
    [
      -0.006074380396210777,
      -0.0445,
      0.03710529802669493
    ],
    [
      -0.007015865644178665,
      -0.0445,
      0.041095731274338076
    ],
    [
      -0.0012726168119110426,
      -0.0445,
      0.03788264742281233
    ],
    [
      0.0027554049023691407,
      0.0445,
      0.0057803668907076
    ],
    [
      3.280363063862257e-05,
      0.0445,
      0.015744921246077626
    ],
    [
      -0.009209139032530178,
      -0.0445,
      0.03699630793537767
    ],
    [
      -0.010734096956827366,
      -0.0445,
      0.03965130911685044
    ],
    [
      0.0013173559440339266,
      0.0445,
      0.01341418933517402
    ],
    [
      0.004151084122265947,
      -0.0445,
      0.015444591486917347
    ],
    [
      0.0017147945966230482,
      0.0445,
      0.01966987925877639
    ],
    [
      0.003398023702012476,
      -0.0445,
      0.020090310586409088
    ],
    [
      -0.003658852950749969,
      -0.0445,
      0.014620531764028666
    ],
    [
      -0.010190547712890963,
      -0.0445,
      0.035042514711758344
    ],
    [
      -0.006260858501774047,
      -0.0445,
      0.03413297094306533
    ],
    [
      0.004167795386811446,
      0.0445,
      0.017386343500875756
    ],
    [
      -0.0015971201541852276,
      -0.0445,
      0.01868658499843756
    ],
    [
      0.0028646086276475913,
      0.0445,
      0.009085372247864432
    ],
    [
      -0.002167889631933151,
      0.0445,
      0.01454564463073571
    ],
    [
      -0.0009731750261668948,
      -0.0445,
      0.035097916437550225
    ],
    [
      0.0037017784495225747,
      0.0445,
      0.011800413919352715
    ],
    [
      -0.012656447848953922,
      -0.0445,
      0.03869566003136893
    ],
    [
      -0.0047397549514905934,
      -0.0445,
      0.012646874242955852
    ],
    [
      -0.010518445863943793,
      -0.0445,
      0.04276799467844328
    ],
    [
      -0.003683074843251144,
      -0.0445,
      0.046122379707779104
    ],
    [
      -0.002760574956287676,
      0.0445,
      0.007106483768958727
    ],
    [
      0.019,
      -0.04169828100523084,
      -0.021241238992363076
    ],
    [
      -0.00780027053620147,
      -0.0445,
      0.04487498708785831
    ],
    [
      0.007885179117042562,
      0.0445,
      0.010506094091937035
    ],
    [
      -0.0048148986086369305,
      -0.0445,
      0.016382438222500406
    ],
    [
      0.007066600157154768,
      0.0445,
      0.013517752875824796
    ],
    [
      0.019,
      -0.04000416315404947,
      -0.019261631630405174
    ],
    [
      -0.00523098976553571,
      -0.0445,
      0.010150975281883134
    ],
    [
      0.019,
      -0.04379498998802483,
      -0.018162660916945406
    ],
    [
      0.019,
      -0.04212432340202311,
      -0.017119570690933505
    ],
    [
      0.019,
      -0.03757348080226882,
      -0.020287486122811726
    ],
    [
      0.019,
      -0.03810842685215755,
      -0.022308878739037197
    ],
    [
      -0.012185555068120357,
      -0.0445,
      0.04278320149555026
    ],
    [
      0.019,
      -0.03808708268357112,
      -0.016664150080048068
    ],
    [
      -0.0006306441368139071,
      -0.0445,
      0.0714472077389271
    ],
    [
      -0.009510458669616972,
      -0.0445,
      0.045997788106672544
    ],
    [
      -0.006516531210195686,
      -0.0445,
      0.014224577807907868
    ],
    [
      0.019,
      -0.041447401841158936,
      -0.014952937774620367
    ],
    [
      0.019,
      -0.035908331353780916,
      -0.01947111573389737
    ],
    [
      -0.004643968246401342,
      0.0445,
      0.012108472617787136
    ],
    [
      -0.003907733481360975,
      -0.0445,
      0.04773354944653441
    ],
    [
      -0.004673031078177292,
      -0.0445,
      0.01885434741889991
    ],
    [
      0.019,
      -0.04389103348990523,
      -0.015031328242527398
    ],
    [
      0.0006516434181387254,
      -0.0445,
      0.06780045974393967
    ],
    [
      -0.0027140516542536464,
      -0.0445,
      0.07534283647618245
    ],
    [
      -0.005704472346472977,
      -0.0445,
      0.06949140170841306
    ],
    [
      0.019,
      -0.03510490371888087,
      -0.022241160954658667
    ],
    [
      0.019,
      -0.03569078534029415,
      -0.013844546931568447
    ],
    [
      -0.007173006502635637,
      -0.0445,
      0.07225664695985579
    ],
    [
      0.019,
      -0.03307499158075466,
      -0.01775000088643286
    ],
    [
      -0.004701370027531682,
      -0.0445,
      0.06661525785719846
    ],
    [
      0.019,
      -0.04009361286405982,
      -0.011529702441763212
    ],
    [
      0.0011125495381871797,
      -0.0445,
      0.06607024824494057
    ],
    [
      -0.008376713643264755,
      -0.0445,
      0.0686048097590839
    ],
    [
      -0.009014227568505007,
      -0.0445,
      0.07008897280303805
    ],
    [
      -0.0074148867498238236,
      -0.0445,
      0.06689528200389994
    ],
    [
      -0.004682636302506316,
      -0.0445,
      0.06484506831557924
    ],
    [
      -0.008392913822919401,
      -0.0445,
      0.07381273852499803
    ],
    [
      0.019,
      -0.0427602353249387,
      -0.011849315211315714
    ],
    [
      -0.00814385662426964,
      -0.0445,
      0.0658513305457672
    ],
    [
      -0.009894487797579843,
      -0.0445,
      0.07056021116525413
    ],
    [
      -0.009594248630112712,
      -0.0445,
      0.06831899328765545
    ]
  ],