{
  "label_idx": 16,
  "object_pose_goal": [
    0.713992968105077,
    -0.6424337178021641,
    0.5899526166915894,
    -0.22723223268985748,
    -0.2658974826335907,
    0.6367114782333374,
    0.6872135996818542
  ],
  "candidate_points_obj": [
    [
      -0.019,
      0.020955306193965795,
      0.012351858439122454
    ],
    [
      -0.019,
      0.018918458296048657,
      0.016671558603224668
    ],
    [
      0.019,
      0.004753993074843366,
      0.06512423681291579
    ],
    [
      0.019,
      0.005667179245287479,
      0.0029557969297798747
    ],
    [
      0.019,
      0.001947720208638759,
      0.07280899552484521
    ],
    [
      -0.019,
      0.021499474469487412,
      0.015208372663613856
    ],
    [
      0.019,
      -0.006466609322930972,
      0.016280101733159635
    ],
    [
      0.019,
      0.007896108910865784,
      0.004426346064513642
    ],
    [
      0.019,
      0.00458521346577212,
      0.06907483136580794
    ],
    [
      -0.019,
      0.018494815149777355,
      0.023492880675657246
    ],
    [
      -0.019,
      0.025770015647329836,
      0.014321448040773954
    ],
    [
      0.019,
      -0.007176547243617271,
      0.020448529743702037
    ],
    [
      -0.019,
      0.017310356595828247,
      0.019154767775927395
    ],
    [
      -0.019,
      0.021334205544993212,
      0.021038186849406615
    ],
    [
      0.019,
      -0.011423825713666957,
      0.05064138585309419
    ],
    [
      0.019,
      0.010809822557995563,
      0.006207751116387161
    ],
    [
      0.019,
      -0.005093804349634801,
      0.050296630731363146
    ],
    [
      0.019,
      0.0077459509714675745,
      0.006187008648007142
    ],
    [
      0.019,
      0.015178744522054255,
      0.007475681054095795
    ],
    [
      0.019,
      0.0032102247877152656,
      0.06278830726182438
    ],
    [
      0.019,
      -0.0012183538834152907,
      0.02066427049002495
    ],
    [
      -0.019,
      0.016976215314726706,
      0.013605352023893236
    ],
    [
      0.019,
      -0.006466893761172932,
      0.05165270060674454
    ],
    [
      -0.019,
      0.024643417216619,
      0.017226973529342215
    ],
    [
      0.019,
      -0.004833743024223236,
      0.07132011001773697
    ],
    [
      0.019,
      -0.0015838356559642053,
      0.06226840329378713
    ],
    [
      0.019,
      -0.009738413392849421,
      0.019938852132037943
    ],
    [
      0.019,
      -0.0032637023578225843,
      0.03929286289334111
    ],
    [
      0.019,
      -0.011083928742848692,
      0.017939415910785517
    ],
    [
      -0.019,
      0.02115820658454548,
      0.00926124703752651
    ],
    [
      0.019,
      -0.009169672840978138,
      0.04947087776869041
    ],
    [
      0.019,
      -0.011909525796159226,
      0.015351196177522008
    ],
    [
      -0.019,
      0.015175894389746647,
      0.017828435622528116
    ],
    [
      0.019,
      -0.00028560669479715806,
      0.06440897630110654
    ],
    [
      0.019,
      -0.00650217435779088,
      0.06819727166762535
    ],
    [
      0.019,
      0.008189662482708804,
      0.0014495599991803942
    ],
    [
      0.019,
      -0.013909711065504426,
      0.047807676189173476
    ],
    [
      0.019,
      -0.00225496208491327,
      0.0701756443241337
    ],
    [
      0.019,
      0.008937933272782916,
      0.003485854371866326
    ],
    [
      0.019,
      -0.006251606601273552,
      0.06599266953185057
    ],
    [
      0.019,
      -0.004738819454464971,
      0.06353065402979452
    ],
    [
      0.019,
      -0.007638374425068317,
      0.023770678868944017
    ],
    [
      0.019,
      -0.00257328924595035,
      0.04222747941663518
    ],
    [
      0.019,
      -0.0033549185761577727,
      0.06472444845012315
    ],
    [
      0.019,
      0.011597354329889842,
      0.0033115205896004918
    ],
    [
      0.019,
      -0.000338742107323764,
      0.06755997498161936
    ],
    [
      0.019,
      -0.011250088805505376,
      0.021520640277640446
    ],
    [
      0.019,
      -0.0032972376613441545,
      0.04676396673211347
    ],
    [
      0.019,
      -0.004678754594772294,
      0.06799424708137303
    ],
    [
      0.019,
      -0.0040038805586735116,
      0.0665384918390719
    ],
    [
      -0.019,
      0.015875550225985857,
      0.023555306372812668
    ],
    [
      0.019,
      0.015796753075163372,
      0.0035647682669417424
    ],
    [
      0.019,
      -0.011671439218928104,
      0.047752945211603115
    ],
    [
      0.019,
      0.011917534869884783,
      0.00018439172505091417
    ],
    [
      0.019,
      -0.0023835533384979346,
      0.024942549481054566
    ],
    [
      0.019,
      -0.013436141369635668,
      0.01926419885450026
    ],
    [
      0.019,
      -0.008067450524276487,
      0.03890453317687215
    ],
    [
      -0.019,
      0.015314339520269171,
      0.010351810918263427
    ],
    [
      0.019,
      -0.007146182740677576,
      0.04193554897883711
    ],
    [
      0.019,
      -0.013928390932439139,
      0.04400168972658325
    ],
    [
      0.019,
      -0.007592635778375767,
      0.045948428157391974
    ],
    [
      0.019,
      -0.011600451694712244,
      0.040224495269491234
    ],
    [
      0.019,
      -0.010265602188371248,
      0.04209732087245477
    ],
    [
      0.019,
      -0.01156044750290841,
      0.044841485826689786
    ],
    [
      0.019,
      -0.01173076468445966,
      0.02359446921271635
    ],
    [
      -0.019,
      0.0126663794657641,
      0.015663842777866144
    ]
  ],